Continent,Nationality,Type of data,1995,1996,1997,1998,1999,2000,2001,2002,2003,2004,2005,2006,2007,2008,2009,2010,2011,2012,2013,2014,2015,2016,2017,2018,2019,2020,2021,2022,2023
Africa,Algerian,Population,933,1124,1060,1067,1094,917,897,845,816,813,834,812,800,782,778,797,777,754,760,637,570,558,568,574,629,668,691,727,1169
Africa,Angolan,Population,1120,1633,1661,1679,1609,1184,982,946,1009,993,930,834,746,701,680,711,753,751,815,802,756,768,729,763,787,824,796,773,737
Africa,Benin,Population,51,51,46,46,50,48,50,59,65,73,81,82,84,89,93,98,93,94,100,89,90,90,94,95,86,89,94,86,85
Africa,Botswanan,Population,27,26,31,24,30,25,26,22,31,26,32,29,29,35,35,35,30,34,35,36,36,36,37,37,37,44,41,46,47
Africa,Burkinabe,Population,106,107,80,89,83,90,96,85,92,111,142,153,154,139,135,131,114,111,111,107,101,97,98,102,106,118,121,124,134
Africa,Burundian,Population,23,35,46,65,79,77,103,117,147,166,188,233,294,375,414,455,441,421,360,326,309,303,310,333,338,335,321,310,303
Africa,Central African,Population,3,4,7,5,4,2,2,1,1,1,0,3,5,5,4,3,5,4,2,3,5,8,10,17,23,30,26,29,27
Africa,Comorian,Population,0,2,2,2,2,2,2,2,2,2,2,2,1,2,2,3,2,2,1,0,0,0,1,2,1,4,2,2,4
Africa,Citizen of Congo,Population,6,20,20,29,69,97,207,270,354,417,450,481,512,506,482,507,483,477,488,534,479,542,501,502,505,496,446,416,362
Africa,Citizen of the Democratic Republic of Congo,Population,2732,3213,2909,2765,2430,1887,1622,1437,1310,1227,1168,1120,1011,946,935,907,876,830,823,809,692,727,804,826,988,1134,1139,1139,1316
Africa,Djiboutian,Population,20,21,17,18,23,21,33,26,29,31,32,27,26,20,20,19,19,17,12,12,14,17,18,20,23,30,32,42,42
Africa,Egyptian,Population,4548,4084,3105,3101,2933,2771,2588,2425,2440,2649,2840,2804,2729,2562,2527,2575,2603,2550,2465,2556,2632,2687,2891,3293,3836,4498,4701,5217,6062
Africa,Equatorial Guinea,Population,5,4,2,1,1,1,2,3,3,3,3,3,2,3,3,5,4,4,3,2,5,5,5,5,5,5,5,5,4
Africa,Eritrean,Population,40,53,90,129,175,226,217,214,227,234,268,274,272,289,288,297,293,309,300,369,3230,9077,15658,20967,26049,30351,30005,25262,21517
Africa,Eswatini,Population,,,,,,,,,,,,,,,,,,,,,,,,,12,9,3,8,13
Africa,Ethiopian,Population,4445,3653,2146,1870,1538,1280,1203,1161,1166,1194,1218,1230,1256,1263,1270,1328,1263,1255,1306,1184,1120,1143,1273,1301,1454,1575,1553,1594,1563
Africa,Gabonese,Population,13,15,19,24,28,28,23,19,40,37,42,44,36,35,29,24,27,27,27,28,27,27,27,23,23,22,20,27,29
Africa,Gambian,Population,92,83,90,103,111,123,151,158,170,196,216,237,243,243,254,260,290,302,278,263,266,300,342,390,475,609,687,872,883
Africa,Ghanaian,Population,5789,5150,4131,4375,3975,3887,3877,3756,3630,3807,4018,4480,4632,4594,4891,5407,5507,5458,5212,5090,4789,4596,4365,4319,4377,4504,4250,4352,4651
Africa,Guinea Bissau,Population,44,35,32,31,29,29,26,30,30,35,39,40,37,37,32,32,33,33,33,38,38,38,36,38,38,40,41,41,41
Africa,Guinean,Population,168,184,172,180,206,199,214,242,319,357,385,362,333,324,311,334,335,343,425,469,482,559,646,637,709,832,823,848,810
Africa,Ivorian,Population,99,108,97,98,87,85,88,103,115,130,165,175,196,212,226,253,262,267,267,261,278,300,293,293,304,287,263,261,277
Africa,Cape Verdean,Population,2424,2111,1847,1786,1794,1567,1404,1352,1289,1364,1456,1490,1466,1481,1522,1492,1436,1374,1281,1257,1216,1170,1120,1067,1082,1087,1036,1038,1004
Africa,Cameroonian,Population,220,220,261,282,339,365,404,513,634,714,775,779,764,745,729,786,770,740,734,703,660,619,570,606,615,673,689,700,765
Africa,Kenyan,Population,227,247,251,306,357,368,423,412,461,499,534,575,621,584,643,703,712,721,693,682,679,690,703,727,810,832,862,949,1103
Africa,Lesotho,Population,16,9,9,15,13,10,13,15,16,14,18,17,20,18,18,14,18,19,18,16,15,13,10,12,11,9,5,8,8
Africa,Liberian,Population,789,938,914,903,767,569,470,423,394,374,350,338,321,305,320,319,314,316,305,298,284,277,274,261,263,301,291,302,314
Africa,Libyan,Population,146,129,123,130,112,119,124,147,145,182,179,164,133,138,110,125,125,126,119,123,142,186,208,239,287,379,386,389,472
Africa,Malagasy,Population,10,10,17,16,17,15,13,15,13,14,16,18,17,17,13,14,17,20,18,23,31,33,35,44,47,55,51,56,58
Africa,Malawian,Population,11,16,13,16,15,18,23,31,36,27,25,26,32,36,32,40,34,34,38,36,32,31,39,45,49,62,59,67,65
Africa,Malian,Population,52,47,38,43,49,46,52,49,53,52,59,60,54,55,52,55,40,30,36,34,33,42,40,43,42,56,50,60,73
Africa,Moroccan,Population,158653,149841,138677,135721,128584,119726,111396,104262,97843,94380,91558,86229,80518,74869,70801,66568,61896,56595,51008,48143,44873,42322,39923,38020,36495,35763,33833,33161,33245
Africa,Mauritanian,Population,124,157,149,143,103,69,60,60,55,48,49,45,42,34,32,31,29,30,30,29,31,31,33,38,41,44,40,48,52
Africa,Mauritian,Population,62,52,47,49,50,51,51,53,58,58,61,55,60,65,68,66,65,65,62,60,64,67,71,81,101,110,113,134,141
Africa,Mozambican,Population,47,56,45,54,48,49,54,57,56,58,63,74,70,65,71,75,58,70,66,54,54,51,38,48,56,71,74,92,113
Africa,Namibian,Population,10,9,22,30,21,23,36,30,31,43,51,56,54,48,65,55,52,58,64,65,64,53,57,82,94,115,122,154,190
Africa,Nigerien,Population,52,52,38,32,28,27,32,34,42,59,63,65,65,73,81,87,86,78,74,68,59,57,52,52,53,63,68,72,74
Africa,Nigerian,Population,1740,1579,1522,1675,1884,1978,2010,1980,1975,2126,2259,2439,2510,2588,2823,3071,3149,3227,3187,3183,3042,3023,2892,2969,3336,4071,4266,5035,7071
Africa,Rwandan,Population,44,82,91,118,144,145,179,210,214,201,179,203,213,203,225,244,261,228,258,239,232,216,200,211,222,276,276,284,316
Africa,Citizen of São Tomé and Principe,Population,4,4,7,4,6,5,4,3,3,2,3,3,3,5,6,7,7,7,6,8,9,6,6,7,7,7,6,6,8
Africa,Senegalese,Population,152,144,143,165,173,167,178,192,202,237,285,295,282,278,256,251,234,220,200,218,215,221,230,229,262,299,303,315,354
Africa,Seychelles,Population,20,26,20,16,12,7,9,7,7,7,7,8,8,4,4,4,7,6,8,7,7,10,8,11,13,11,10,12,17
Africa,Sierra Leonean,Population,168,216,271,315,325,338,351,400,449,488,516,480,487,485,531,609,651,683,1026,934,879,862,878,891,923,1005,989,1030,1042
Africa,Sudanese,Population,546,676,704,868,1093,1113,1212,1114,1089,1054,1019,955,862,758,728,710,662,677,752,722,707,811,966,1027,1293,1531,1557,1466,1539
Africa,Somali,Population,16453,17223,15385,13648,8904,5296,3567,2654,2116,1792,1496,1313,1175,1112,1014,982,921,823,838,1768,2928,3358,3523,3342,3164,3028,2406,2408,2807
Africa,Swazi,Population,5,3,4,5,6,8,21,19,15,15,16,19,19,12,8,6,6,10,6,10,10,11,14,14,,,,,
Africa,Tanzanian,Population,219,228,216,243,267,256,311,304,317,331,354,385,407,388,395,442,402,365,387,310,300,308,276,290,303,327,325,361,430
Africa,Togolese,Population,285,295,270,268,245,236,214,214,211,236,279,285,287,276,279,282,274,270,269,265,250,219,221,214,220,194,175,183,174
Africa,Chadian,Population,9,7,6,5,3,1,2,10,8,9,7,6,8,4,5,6,6,5,7,11,11,12,16,15,24,29,23,25,29
Africa,Tunisian,Population,2124,1881,1591,1537,1442,1312,1300,1276,1242,1312,1307,1293,1238,1200,1192,1165,1131,1110,1081,1102,1053,1038,1056,1135,1238,1394,1387,1468,1690
Africa,Ugandan,Population,154,151,154,163,153,167,184,173,186,224,266,362,408,374,411,447,430,413,440,463,572,685,778,878,1016,1266,1289,1288,1308
Africa,Zambian,Population,115,104,95,110,100,105,139,112,153,190,186,182,199,140,147,158,172,173,187,170,167,160,152,141,159,193,196,215,245
Africa,Zimbabwean,Population,73,63,63,83,95,117,118,143,142,175,172,185,195,219,280,352,365,354,346,311,265,257,257,304,366,445,506,560,770
Africa,South-African,Population,1431,1444,1530,1769,2301,2512,2864,3230,3330,3321,3247,3047,2865,2865,3039,2947,2742,2785,2691,2669,2692,2841,3210,3624,4561,6051,7024,8810,12278
Africa,South Sudanese,Population,,,,,,,,,,,,,,,,,,0,3,6,15,15,19,22,46,84,107,121,129
America,American,Population,12761,12769,12640,12980,13389,14074,14751,15217,15412,15075,14837,14643,14641,14544,14861,14631,14846,15348,15571,15557,16165,17193,18012,19562,20769,22225,21377,22261,24109
America,Citizen of Antigua and Barbuda,Population,0,1,0,0,0,1,1,1,1,1,1,1,0,0,1,0,0,0,0,0,1,2,2,2,4,5,6,6,8
America,Argentinian,Population,465,424,389,391,368,338,363,421,514,587,620,598,571,538,546,574,572,569,569,609,643,661,727,803,947,1152,1171,1356,1608
America,Bahamian,Population,13,11,7,11,12,7,7,11,7,10,12,10,10,11,9,8,5,6,5,8,10,10,10,11,9,12,17,19,15
America,Barbadian,Population,22,20,19,23,22,22,21,22,19,17,18,21,17,14,10,11,10,11,13,14,13,15,21,20,22,25,22,22,26
America,Belizean,Population,5,3,2,7,8,9,10,10,10,11,10,10,10,6,10,8,5,5,6,4,5,6,6,6,8,17,12,12,12
America,Bolivian,Population,107,108,104,116,114,127,140,147,159,179,187,199,226,227,241,251,246,244,214,210,217,213,200,205,228,250,225,235,252
America,Brazilian,Population,2129,2145,2194,2380,2525,2597,2728,2841,2994,3298,3560,3912,4209,4484,4978,5239,5526,5750,5815,6241,6354,6948,6856,7836,9381,10867,11187,12306,13791
America,Canadian,Population,2616,2574,2604,2702,2743,2892,3130,3398,3435,3456,3458,3403,3324,3391,3542,3545,3631,3676,3770,3792,3958,4167,4255,4444,4642,4814,4604,4723,5159
America,Chilean,Population,1326,1214,1033,968,946,939,909,910,918,925,990,1102,1068,914,904,857,851,899,911,907,925,969,1052,1132,1203,1282,1237,1374,1504
America,Colombian,Population,1669,1569,1584,1718,1848,1790,1636,1668,1743,1919,2065,2113,2063,2027,2090,2168,2227,2210,2161,2206,2144,2142,2230,2325,2619,3060,3139,3597,4035
America,Costa Rican,Population,57,65,80,94,118,121,129,135,141,154,165,173,168,161,168,169,186,187,200,189,208,225,244,271,317,369,383,417,501
America,Cuban,Population,128,170,220,318,396,432,487,473,512,546,571,602,623,599,574,571,561,532,468,458,425,412,374,367,433,461,489,513,523
America,Citizen of Dominica,Population,39,28,20,18,18,19,18,15,12,15,16,13,11,11,12,9,9,8,9,11,10,10,9,7,8,9,10,12,15
America,Dominican,Population,1572,1453,1304,1312,1283,1204,1164,1158,1165,1141,1175,1201,1223,1196,1179,1189,1176,1169,1081,1053,1000,961,927,877,926,979,995,1043,1072
America,Ecuadorian,Population,193,245,333,393,463,463,495,489,531,597,647,693,730,711,719,700,697,677,628,639,648,665,671,655,742,798,718,759,790
America,Grenadan,Population,5,6,1,1,3,3,3,4,4,2,2,3,5,3,2,2,2,1,3,3,3,2,3,4,6,7,6,8,9
America,Guatemalan,Population,42,46,43,49,73,97,129,156,124,108,113,111,110,115,123,115,112,115,120,120,119,110,111,124,157,186,181,205,244
America,Guyanese,Population,424,395,292,284,264,254,253,252,237,218,222,199,191,180,167,151,148,135,122,113,106,110,101,95,96,93,88,93,98
America,Haitian,Population,74,78,70,60,74,128,136,161,200,215,201,168,117,110,155,122,101,57,43,36,50,48,44,47,43,46,56,51,58
America,Honduran,Population,44,46,50,53,57,52,53,57,64,77,83,97,100,95,88,95,99,95,97,102,112,115,111,112,120,139,143,159,175
America,Jamaican,Population,156,153,149,151,166,181,204,181,182,165,163,151,144,136,136,145,146,163,182,195,220,276,331,335,344,364,349,344,337
America,Mexican,Population,410,428,445,505,557,617,674,750,890,998,1082,1087,1147,1206,1350,1438,1579,1680,1734,1834,1914,2097,2297,2511,2866,3129,3159,3431,3900
America,Nicaraguan,Population,86,81,63,56,60,55,49,54,64,78,73,79,80,73,91,89,88,102,116,125,120,124,121,113,117,166,179,203,223
America,Panamanian,Population,87,80,45,45,43,40,43,40,42,42,51,64,78,67,68,59,57,60,64,75,67,73,80,87,99,124,121,123,169
America,Paraguayan,Population,35,33,42,37,37,43,44,42,37,38,38,39,36,35,41,41,44,49,47,55,54,55,54,54,57,62,64,75,79
America,Peruvian,Population,594,545,503,475,501,467,496,588,655,769,892,924,986,1005,1032,1049,1091,1117,1089,1052,979,953,916,958,1112,1235,1225,1396,1648
America,Citizen Saint Kitts and Nevis,Population,1,2,1,3,1,1,1,3,3,3,4,3,5,2,2,3,4,3,3,4,3,1,3,5,5,8,11,15,19
America,Saint Lucian,Population,11,9,7,8,8,10,11,12,15,15,15,15,8,7,8,11,10,9,7,7,7,10,13,10,11,17,14,18,26
America,Salvadoran,Population,123,106,94,92,95,73,60,56,55,59,61,56,58,59,63,61,64,79,77,77,78,81,72,85,129,174,184,246,280
America,Citizen Saint Vincent and Grenadines,Population,11,9,8,8,7,6,5,8,6,5,3,5,6,7,6,5,7,7,7,6,6,5,5,6,7,13,11,11,15
America,Surinamese,Population,18147,15174,12015,11760,10497,8665,8469,8491,8573,9406,9644,8548,7561,7034,6958,6737,6604,6438,6123,5898,5440,5290,5178,5341,5846,6478,6584,6888,7592
America,Citizen of Trinidad and Tobago,Population,96,100,84,97,102,89,95,90,96,94,99,94,89,75,78,77,78,79,78,76,93,97,112,146,179,212,209,214,225
America,Uruguayan,Population,147,129,114,114,99,90,89,89,90,98,88,85,88,89,94,82,71,75,77,81,78,73,91,98,112,151,164,172,210
America,Venezuelan,Population,339,361,377,466,516,578,623,685,710,764,761,765,758,734,762,764,757,754,753,747,768,793,790,889,1066,1322,1394,1517,1629
Asia,Afghan,Population,2983,3913,4579,5275,5364,4395,4203,4259,3997,3923,3848,3818,3810,3550,3309,3234,3323,3399,3894,3449,3144,3446,5033,5501,6138,6533,6448,8156,10577
Asia,Bahraini,Population,5,5,4,4,2,6,6,8,8,8,6,6,7,7,8,7,7,8,10,8,8,14,19,26,42,44,46,48,55
Asia,Bengali,Population,533,514,448,458,405,349,357,354,376,381,392,402,409,375,386,448,487,506,534,561,560,626,778,867,897,1025,1156,1674,2353
Asia,Bhutanese,Population,6,25,28,20,13,13,15,22,29,34,32,38,44,51,46,60,68,56,58,40,36,38,39,31,44,44,33,35,31
Asia,Brunei,Population,31,25,22,28,28,21,11,22,36,29,12,26,32,34,25,20,22,20,15,45,51,55,43,34,41,40,35,27,31
Asia,Cambodian,Population,368,221,152,81,67,62,66,61,66,88,98,91,95,92,90,88,82,68,70,69,86,93,93,92,106,121,116,112,114
Asia,Chinese,Population,7669,7912,7322,7260,7480,7473,7997,9395,11223,13330,14662,15007,15266,16210,18121,19758,21371,23900,25906,27192,28220,29746,31437,33860,36491,39352,38851,40896,43656
Asia,Philippine,Population,2282,2363,2318,2428,2398,2351,2417,2427,2597,2841,3041,3147,3280,3354,3773,3915,4065,4013,4048,4217,4219,4339,4560,4896,5296,5801,5716,6034,6587
Asia,Indian,Population,2905,2748,2523,2803,3082,3234,3361,3417,3416,3592,3745,4322,5381,6409,8033,8744,9562,10776,11718,13122,14701,17113,20442,24904,30597,37426,37099,42068,50787
Asia,Indonesian,Population,8448,8159,7945,7970,8377,8717,9338,10127,10786,11185,11427,11479,11389,11422,11565,11645,11701,11765,11649,11790,12016,12012,12476,12511,12700,13031,12681,13384,14487
Asia,Iraqi,Population,7527,9694,11355,13008,12747,10025,8639,6919,4771,4182,3852,3680,3628,3449,3528,4307,5041,5530,6083,6309,5850,5634,7136,7594,7823,7835,7309,7027,6912
Asia,Iranian,Population,9736,10150,8634,7831,6196,3892,2833,2520,2513,2589,2685,2664,2695,2821,3045,3330,3564,3969,4531,4374,4415,4675,5886,6695,7824,10314,10701,11701,13569
Asia,Israeli,Population,1501,1422,1186,1247,1222,1251,1253,1332,1551,1707,1790,1714,1597,1498,1511,1474,1405,1385,1343,1318,1342,1465,1471,1537,1625,1805,1716,1790,2008
Asia,Japanese,Population,5299,5347,5336,5369,5460,5507,5626,5771,5747,5813,5811,5801,5736,5673,5782,5407,5318,5322,5322,5192,5255,5461,5877,6056,6239,6694,6458,6779,7318
Asia,Yemeni,Population,21,33,46,51,70,71,71,72,74,70,75,73,71,73,75,82,94,110,129,125,151,192,244,430,741,1597,2509,3696,5451
Asia,Jordanian,Population,320,304,210,209,225,229,223,235,226,245,248,239,222,220,223,212,207,211,212,200,213,267,325,405,507,628,693,772,870
Asia,Kuwaiti,Population,33,38,37,62,53,58,61,50,40,33,28,30,27,18,16,17,18,25,33,64,97,88,68,74,70,76,64,66,54
Asia,Lao,Population,3,3,3,8,8,7,10,13,20,25,26,28,27,26,26,32,34,35,38,37,37,34,37,38,38,40,39,39,43
Asia,Lebanese,Population,985,816,493,410,387,338,354,355,363,341,343,344,349,365,377,372,376,382,393,442,416,449,537,638,728,929,1087,1325,1664
Asia,Maldivian,Population,1,2,2,3,3,3,5,6,7,8,7,6,8,5,7,8,6,6,5,5,6,7,14,15,16,17,14,21,21
Asia,Malaysian,Population,1086,1034,1003,997,1022,1066,1065,1110,1173,1243,1215,1224,1372,1449,1483,1512,1444,1418,1477,1515,1499,1542,1576,1587,1621,1691,1666,1718,1881
Asia,Mongolian,Population,15,12,23,26,34,30,53,73,80,93,95,85,92,99,110,117,119,112,117,126,119,168,206,211,208,233,233,228,241
Asia,Myanmarese,Population,47,62,68,59,47,40,34,45,50,51,45,39,36,39,43,67,146,198,210,256,284,297,289,310,322,357,323,364,361
Asia,Nepalese,Population,102,126,154,178,201,214,238,212,239,317,353,605,602,573,624,745,776,755,721,744,828,838,895,919,916,902,844,850,944
Asia,North Korean,Population,5,5,8,6,7,6,9,10,12,10,10,9,7,6,6,5,5,16,14,15,36,23,24,23,26,24,23,21,23
Asia,Omani,Population,23,24,42,55,84,74,60,51,59,61,77,90,85,77,70,37,34,42,79,139,172,196,204,221,226,218,216,220,215
Asia,Pakistani,Population,4015,3724,3219,3199,2967,2882,2880,2737,2605,2541,2514,2769,3042,3135,3094,3113,3077,3080,2921,3001,2905,3052,3279,3656,4103,4723,4773,5420,6540
Asia,Qatari,Population,0,0,1,1,0,0,0,0,0,0,0,2,2,0,2,1,3,5,7,13,16,30,20,9,9,14,6,8,7
Asia,Saudi Arabian,Population,37,53,75,54,41,35,46,64,79,80,106,93,102,185,239,376,547,554,549,579,572,596,669,669,617,657,565,554,612
Asia,Singaporean,Population,839,794,704,681,662,725,683,722,771,801,798,827,834,830,875,902,936,974,1067,1095,1156,1230,1324,1403,1420,1378,1153,1129,1389
Asia,Sri Lankan,Population,3175,3186,2639,2395,1924,1549,1531,1591,1604,1624,1614,1535,1474,1400,1404,1416,1398,1368,1355,1378,1413,1400,1399,1362,1409,1440,1312,1357,1610
Asia,Syrian,Population,2126,2031,1096,857,659,543,560,628,670,685,697,705,642,582,579,573,584,641,846,1367,8173,25443,51424,67525,74084,79451,71201,57043,60112
Asia,Taiwanese,Population,516,499,533,571,696,715,732,808,960,1043,1119,1220,1228,1277,1356,1372,1427,1485,1407,1418,1532,1648,1880,2029,2298,2668,2435,2588,2990
Asia,Thai,Population,1930,1985,2017,2162,2385,2520,2920,3288,3783,4366,4884,5274,5504,5622,5904,5986,6017,5887,5642,5512,5223,5026,4947,4971,4999,5163,4805,4868,4921
Asia,Citizen of Timor Leste,Population,,,,,,,,,0,0,0,0,0,0,0,0,0,0,0,1,2,2,1,0,0,0,5,7,10
Asia,Citizen United Arab Emirates,Population,5,5,228,340,114,47,40,34,29,8,11,12,5,5,6,5,4,5,7,12,16,7,6,9,15,17,18,27,24
Asia,Vietnamese,Population,4317,3765,2637,2032,1697,1546,1613,1885,2274,2496,2674,2698,2623,2453,2464,2476,2430,2460,2393,2355,2301,2398,2652,3033,3460,3944,3734,3901,4148
Asia,South Korean,Population,720,722,829,910,964,1079,1193,1280,1421,1477,1578,1642,1775,1865,2022,2085,2256,2482,2533,2597,2825,3017,3419,3783,4071,4453,3881,4108,4652
Europe,Dutch,Population,14666984,14768468,14887238,14976115,15097853,15212418,15319273,15414892,15492618,15555847,15606175,15642853,15676060,15717024,15766293,15839792,15895431,15944300,15983340,16013258,16053457,16078616,16109209,16140279,16171304,16215228,16272450,16334426,16365940
Europe,Albanian,Population,413,490,452,445,449,345,330,358,380,389,409,401,384,372,411,492,502,512,548,571,676,795,974,1084,1247,1488,1577,1698,1897
Europe,Andorran,Population,2,2,2,1,1,1,1,2,2,2,1,1,2,3,3,3,3,4,4,4,4,3,5,8,5,5,6,7,10
Europe,Armenian,Population,395,633,661,699,622,387,357,364,374,395,416,416,424,432,512,632,705,779,894,968,1038,1079,1136,1175,1232,1357,1351,1327,1439
Europe,Azerbaijani,Population,34,108,131,154,178,181,180,223,243,287,278,272,279,258,267,279,315,346,391,431,499,553,623,706,788,985,1035,1231,1560
Europe,Belarusian,Population,65,102,153,217,304,363,434,532,646,763,817,802,779,776,761,761,786,817,822,836,898,973,1061,1135,1264,1449,1529,1814,2225
Europe,Belgian,Population,24135,24111,24021,24443,24826,25382,25860,26148,26306,26223,26105,25994,25999,26210,26591,26877,27184,27601,28209,28810,29629,30560,31887,33186,34447,35868,37034,38156,39023
Europe,Citizen of Bosnia and Herzegovina,Population,10115,14436,15974,14616,11165,6146,3745,3006,2777,2683,2540,2427,2358,2250,2234,2441,2316,2351,2374,2235,2170,2119,2122,2114,2165,2208,2099,2037,2022
Europe,British,Population,43008,41146,39300,39153,38829,39466,41404,43604,44052,43678,42519,41508,40335,40192,41060,41422,41373,41423,41650,42309,43004,44224,45286,46013,47291,47930,48802,47086,45929
Europe,Bulgarian,Population,584,550,469,538,626,713,870,1074,1360,1678,1924,2076,2202,6378,10190,12340,14110,16760,17615,17846,19843,21941,24106,27280,31208,36834,41793,47699,54918
Europe,Cypriot,Population,43,43,41,45,47,44,48,51,55,49,65,81,100,119,134,162,187,242,285,319,356,421,519,676,843,1040,1128,1515,1938
Europe,Danish,Population,1957,1945,2072,2163,2285,2440,2588,2663,2629,2689,2698,2644,2697,2662,2705,2646,2689,2746,2801,2832,2960,2987,3149,3290,3370,3502,3431,3577,3568
Europe,Citizen of the Federal Republic of Germany,Population,53363,53922,53525,53914,54113,54272,54811,55572,56060,56466,57141,58503,60201,62387,65927,68356,71351,72815,72627,72240,71751,72283,73277,75037,77092,79470,80586,82932,84388
Europe,Estonian,Population,61,65,86,99,100,111,121,147,165,187,284,318,321,365,444,547,710,852,876,971,1065,1095,1159,1279,1383,1549,1563,1700,1909
Europe,Finnish,Population,1194,1286,1385,1506,1712,1849,1980,2051,2118,2089,2088,2087,1982,2030,2157,2197,2290,2406,2453,2481,2562,2798,3098,3369,3636,3939,3752,3984,4291
Europe,French,Population,10547,10532,10575,11152,11873,12524,13326,14113,14469,14529,14544,14730,14697,15119,16441,17184,17797,18138,18315,18734,19744,20913,22588,24180,25759,27811,29037,31469,33690
Europe,Georgian,Population,212,452,566,601,657,505,379,343,344,377,390,367,349,366,389,438,478,512,551,556,543,544,597,646,721,811,785,875,1041
Europe,Greek,Population,5627,5410,5176,5266,5291,5481,5692,6015,6244,6341,6367,6518,6627,6853,7383,7781,8584,10100,11760,12697,13164,14058,15257,16974,18863,21476,22603,25138,28602
Europe,Hungarian,Population,1135,1133,1164,1272,1404,1385,1538,1719,1832,1886,2029,2271,2386,2921,4044,5294,6546,7775,9245,10280,11223,12256,13123,14107,15478,16833,17537,18961,20606
Europe,Irish,Population,4183,4036,3937,3974,3755,3842,3990,4149,4192,4214,4096,4052,3903,3900,3975,4186,4346,4638,4665,4799,5064,5338,5722,6198,6873,7823,8250,9254,10241
Europe,Icelandic,Population,257,261,274,325,344,372,380,405,449,444,446,393,373,394,415,427,435,431,409,384,419,466,498,512,548,583,568,548,613
Europe,Italian,Population,17461,17405,17286,17408,17580,17886,18248,18599,18730,18503,18377,18502,18627,19027,20271,21097,21867,22588,23560,25003,27147,29492,32255,35460,39065,43277,45136,49128,53449
Europe,Yugoslavian,Population,17982,16868,14519,11523,8889,7173,6822,6645,6425,6277,5845,5306,4700,4275,3834,1720,1029,658,444,250,148,121,96,83,52,42,37,34,36
Europe,Kazakh,Population,19,29,59,97,108,140,178,219,268,301,314,295,298,275,292,320,374,407,417,406,447,483,536,611,723,901,913,1099,1263
Europe,Kyrgyz,Population,5,1,2,7,11,14,16,27,39,48,72,80,85,90,86,82,80,90,96,108,101,111,99,109,116,147,131,174,246
Europe,Kosovar,Population,,,,,,,,,,,,,,,13,177,321,451,880,684,604,599,643,639,687,685,658,693,670
Europe,Croatian,Population,1480,1718,1766,1685,1639,1602,1582,1632,1650,1679,1595,1505,1480,1444,1421,1464,1498,1500,1528,1765,2017,2220,2414,2638,3024,3811,4426,5292,6199
Europe,Lets,Population,49,63,88,112,140,146,173,188,244,283,361,450,491,564,713,1143,1909,2560,3073,3287,3552,3759,4021,4547,5215,6057,6687,7595,8305
Europe,Liechtenstein,Population,2,4,4,4,5,5,5,4,4,4,4,5,6,6,8,11,11,10,5,6,6,4,7,7,5,11,8,11,9
Europe,Lithuanian,Population,78,127,185,260,328,338,346,393,487,595,970,1175,1262,1447,1743,2126,2871,3701,4183,4572,4885,5301,5836,6680,7706,8785,9282,10119,10840
Europe,Luxembourgish,Population,280,284,295,307,306,308,312,307,297,302,297,293,295,310,326,333,352,373,387,399,427,487,586,703,833,985,1136,1249,1340
Europe,Macedonian,Population,265,381,449,482,507,500,590,646,677,711,762,762,710,711,717,764,775,843,856,856,897,934,1019,1064,1162,,,,
Europe,Citizen of Republic of North Macedonia,Population,,,,,,,,,,,,,,,,,,,,,,,,,,1127,1277,1354,1456
Europe,Maltese,Population,94,90,92,88,93,91,98,98,99,102,121,111,120,131,155,157,177,185,193,207,209,216,248,286,331,381,415,476,575
Europe,Moldavian,Population,34,47,62,72,88,130,149,165,193,235,264,273,278,280,318,312,318,327,337,335,345,350,379,432,518,623,672,805,1071
Europe,Monegasque,Population,0,0,1,1,1,1,1,1,2,2,2,2,2,2,2,2,3,5,4,3,4,4,4,2,2,2,2,4,4
Europe,Montenegrin,Population,,,,,,,,,,,,,0,10,21,79,138,209,293,323,330,331,353,364,391,391,374,373,368
Europe,Norwegian,Population,1459,1512,1573,1721,1763,1880,2016,2134,2132,2132,2118,2054,1952,1893,1920,1980,2066,2130,2066,2115,2140,2132,2253,2382,2454,2579,2547,2657,2773
Europe,Ukrainian,Population,423,701,945,1189,1378,1431,1595,1837,2158,2414,2605,2545,2507,2451,2517,2521,2671,2911,3087,3402,3783,4437,5071,5583,6268,7042,7082,7540,94364
Europe,Uzbek,Population,29,36,43,54,65,51,63,87,96,118,123,142,166,163,164,186,187,202,203,191,209,226,231,237,266,305,306,338,494
Europe,Austrian,Population,2992,2999,3035,3125,3268,3330,3366,3454,3543,3593,3558,3540,3604,3629,3752,3784,3888,3971,3993,3988,4071,4141,4277,4457,4671,4886,4917,5191,5400
Europe,Polish,Population,5798,5910,5642,5680,5906,5645,5944,6312,6912,7431,10968,15202,19645,26189,35499,43083,52473,65086,74629,85785,99566,110860,121422,132378,144001,155902,164918,176074,186755
Europe,Portuguese,Population,9230,9101,8788,8690,8762,9220,9765,10585,11257,11844,12026,12083,12234,12939,14179,15364,15740,16430,17266,18060,18704,19384,20166,21051,22398,24193,25401,28002,31226
Europe,Romanian,Population,1594,1466,1073,1144,1288,1397,1694,2094,2360,2735,3020,3006,3225,4894,6256,7118,8289,9114,9496,9986,11941,13659,16077,20042,24878,30683,34600,40603,47769
Europe,Russian,Population,1347,1898,2318,2578,2840,3070,3348,3791,4052,4450,4689,4606,4501,4468,4626,4776,5094,5609,6016,6492,7030,7794,8541,9527,10767,12185,12513,13670,18211
Europe,San Marinees,Population,0,0,0,0,0,0,0,0,0,0,0,0,0,0,1,1,1,1,1,1,2,1,1,1,2,2,2,2,2
Europe,Serbian,Population,,,,,,,,,,,,,0,122,272,785,1214,1673,2116,2170,2232,2333,2492,2621,2796,3084,3139,3268,3329
Europe,Citizen of Serbia and Montenegro,Population,,,,,,,,,,1,104,215,413,393,362,483,257,141,96,90,56,44,38,29,23,21,17,14,18
Europe,Slovenian,Population,95,110,102,111,148,144,165,193,225,235,256,299,356,411,503,562,641,682,774,835,971,1052,1154,1247,1349,1441,1513,1691,1796
Europe,Slovak,Population,118,205,276,357,486,579,719,915,940,983,1239,1560,1876,2178,2666,2844,3414,3629,3749,3941,4389,4754,5127,5699,6289,6856,7295,8191,8967
Europe,Citizen of the Soviet Union,Population,796,720,495,364,302,236,221,207,193,173,167,152,122,101,87,55,48,35,28,21,15,9,9,6,7,5,1,1,0
Europe,Spanish,Population,16831,16663,16559,16634,16828,16943,17155,17449,17505,17418,17124,16851,16468,16532,17348,18132,19233,20294,21940,23883,25333,26773,28285,30331,32726,35624,37433,42054,46910
Europe,Tajik,Population,17,22,21,22,10,13,10,14,16,17,16,17,15,15,20,17,22,24,25,34,36,40,51,48,51,54,60,63,123
Europe,Czech,Population,243,350,521,665,842,887,1057,1285,1342,1448,1707,1880,2007,2242,2519,2602,2854,2954,3003,3170,3396,3525,3672,3897,4144,4464,4597,5053,5479
Europe,Czechoslovakian,Population,427,336,224,188,165,127,117,97,92,77,69,57,50,48,47,22,15,12,10,7,3,2,2,2,2,0,0,0,0
Europe,Turkmen,Population,7,7,9,9,4,4,5,6,15,15,22,18,21,20,22,28,25,29,29,29,32,30,33,34,36,47,54,71,458
Europe,Turkish,Population,182089,154310,127032,114696,102003,100688,100782,100309,100286,101845,100574,98920,96779,93746,92698,90837,88028,84830,81934,80054,77540,75423,74138,73837,74834,76963,77264,80216,87558
Europe,Vatican,Population,0,0,0,0,0,0,0,0,0,0,0,0,0,0,0,0,0,0,0,0,0,0,0,0,0,0,0,0,0
Europe,Swedish,Population,2246,2234,2362,2457,2723,2943,3077,3149,3147,3120,3132,3158,3208,3287,3389,3571,3659,3768,3780,3822,3958,4206,4406,4619,4849,5195,5162,5588,6019
Europe,Swiss,Population,2062,2038,1929,1929,1866,1944,1934,1909,1906,1885,1904,1915,1926,1968,2013,2078,2180,2225,2201,2218,2269,2361,2492,2649,2810,2956,3033,3349,3531
Oceania,Australian,Population,2038,2013,1970,2031,2244,2522,2802,3201,3352,3383,3333,3213,3179,3097,3090,2982,3030,3009,2943,2933,3034,3289,3532,3720,3931,4148,3709,3584,3900
Oceania,Fijian,Population,8,9,9,6,9,12,14,14,13,11,15,11,9,8,8,10,6,7,11,11,12,13,14,18,17,19,18,19,25
Oceania,Kiribati,Population,0,0,1,1,1,1,1,1,1,1,1,1,1,0,0,0,0,0,0,0,0,3,0,0,0,0,0,1,1
Oceania,Marshall Islands,Population,0,0,0,0,0,0,0,0,0,0,0,0,0,0,0,0,0,0,0,0,0,0,0,0,0,0,0,0,0
Oceania,Micronesian,Population,,,,,,,,,,,,,,,,,,,,,,,,,,0,0,0,0
Oceania,Nauruan,Population,0,0,0,0,0,0,0,0,0,0,0,1,1,1,1,1,1,1,1,0,0,0,0,0,0,0,0,0,0
Oceania,New Zealand,Population,539,499,459,487,508,616,777,925,962,941,960,928,874,857,856,828,844,841,872,855,887,974,1007,1116,1216,1297,1209,1180,1267
Oceania,Palau,Population,,,,,,,,,,,,,,,,,,,,,,,,,,0,0,0,0
Oceania,Papua New Guinean,Population,2,2,5,4,6,9,12,5,7,4,5,5,7,3,5,4,5,5,3,5,3,3,5,3,6,4,4,5,5
Oceania,Solomon Islands,Population,1,2,1,8,8,1,0,0,1,1,1,1,1,1,1,2,2,2,2,2,2,1,1,1,2,1,1,1,1
Oceania,Samoan,Population,1,2,3,3,2,2,1,2,1,1,1,4,3,1,1,1,2,7,12,13,13,9,0,0,0,0,0,5,7
Oceania,Tongan,Population,7,7,2,4,3,4,6,2,2,3,3,2,1,1,0,0,0,0,0,0,0,0,0,0,0,0,0,0,0
Oceania,Tuvaluan,Population,0,0,0,0,0,0,0,0,0,0,0,0,0,0,0,0,0,0,0,1,0,0,0,0,0,0,0,0,0
Oceania,Vanuatu,Population,1,1,1,1,1,1,2,1,1,2,2,1,1,2,2,1,1,2,1,1,1,1,1,1,1,1,1,1,1