Continent,Nationality,Type of data,1995,1996,1997,1998,1999,2000,2001,2002,2003,2004,2005,2006,2007,2008,2009,2010,2011,2012,2013,2014,2015,2016,2017,2018,2019,2020,2021,2022
America,American virgin islands,Immigration,1,0,1,2,2,1,1,1,0,0,0,0,2,1,0,0,2,2,1,1,2,2,3,0,5,0,4,2
America,Anguilla,Immigration,1,1,4,3,4,4,1,3,6,1,2,1,2,2,0,3,2,0,0,0,0,2,2,2,1,2,2,2
America,Antigua and Barbuda,Immigration,1,4,0,3,1,0,2,6,2,1,2,2,2,3,0,1,4,4,2,3,5,3,4,2,2,1,1,3
America,Argentina,Immigration,119,145,162,165,145,207,280,325,282,228,169,216,210,312,285,339,314,356,407,457,504,508,642,821,1045,863,1185,1363
America,Aruba,Immigration,74,71,108,127,185,249,272,278,164,152,126,249,295,391,478,622,661,576,580,568,524,570,684,618,726,1207,1566,1370
America,Bahamas,Immigration,2,2,8,3,2,2,7,2,5,4,1,4,2,4,2,1,5,2,7,5,8,3,10,8,10,16,5,6
America,Barbados,Immigration,4,8,12,4,6,9,4,2,8,4,4,1,4,3,3,1,14,9,10,3,13,14,10,13,10,2,16,14
America,Belize,Immigration,1,0,3,4,0,4,3,1,1,1,0,1,3,3,2,0,2,2,1,1,1,4,2,7,7,6,3,8
America,Bermuda,Immigration,0,2,3,2,1,2,2,4,2,2,2,2,1,6,4,3,2,9,5,5,1,7,3,13,15,7,10,4
America,Bolivia,Immigration,35,35,44,55,55,51,57,69,74,63,44,74,66,84,74,73,64,65,92,79,66,62,95,106,125,82,101,137
America,Brazil,Immigration,541,720,770,852,738,810,838,884,926,882,1047,1178,1261,1600,1504,1623,1591,1545,2015,2142,2694,2377,3226,4085,4382,3055,3801,4478
America,British Virginislands,Immigration,1,0,0,0,0,0,0,1,1,0,0,0,1,2,1,2,0,0,1,0,1,1,3,1,2,3,2,1
America,Canada,Immigration,447,662,622,653,646,744,753,686,573,564,678,692,748,909,809,918,897,1040,1039,1039,1184,1252,1342,1461,1412,1018,871,1236
America,Caribbean Netherlands,Immigration,,,,,,,,,,,,,,,,0,0,5,8,5,9,12,28,22,22,178,194,220
America,Cayman Islands,Immigration,0,0,2,1,0,2,1,2,0,5,0,3,2,0,2,0,0,3,0,0,2,0,1,4,4,3,3,1
America,Chili,Immigration,84,87,118,152,153,161,137,159,147,196,332,293,161,154,184,184,219,252,213,246,317,379,392,443,463,408,446,519
America,Colombia,Immigration,419,652,694,761,615,707,722,707,675,637,626,556,508,668,784,872,846,820,1008,833,876,999,1099,1322,1558,1209,1474,1569
America,Costa Rica,Immigration,23,52,45,72,46,56,62,60,56,48,49,47,55,44,61,78,79,86,55,89,83,100,96,145,156,127,141,176
America,Cuba,Immigration,65,92,155,159,136,140,124,149,141,117,118,107,80,79,112,111,76,81,99,105,102,74,111,192,173,139,154,171
America,Curacao,Immigration,,,,,,,,,,,,,,,,0,0,75,77,98,167,181,250,359,492,3577,3976,4174
America,Dominica,Immigration,4,8,5,9,12,11,13,12,13,8,4,5,4,7,4,6,9,7,2,7,1,10,11,8,6,2,10,7
America,Dominican Republic,Immigration,399,562,563,717,644,723,675,609,444,446,475,473,454,547,624,704,687,602,617,631,558,565,641,692,725,594,627,687
America,Ecuador,Immigration,100,130,150,194,106,159,152,167,169,169,166,151,161,200,169,238,213,265,237,254,302,264,306,391,341,294,371,416
America,El Salvador,Immigration,7,10,12,26,14,17,20,18,26,10,14,17,15,24,20,21,26,21,20,22,44,34,45,74,89,39,90,80
America,Falkland Islands,Immigration,0,0,0,0,0,0,0,0,0,1,0,0,0,0,1,0,0,0,0,0,0,0,0,0,0,0,0,0
America,French Guyana,Immigration,30,38,39,29,28,41,62,67,61,70,60,29,36,40,71,61,55,44,37,49,27,37,40,48,44,38,35,51
America,Grenada,Immigration,2,5,1,6,2,3,5,3,2,4,2,1,3,4,1,4,2,2,1,2,2,3,3,4,2,2,2,4
America,Greenland,Immigration,1,2,1,1,0,1,1,1,0,0,0,0,0,0,4,0,0,1,0,1,3,3,2,0,3,3,5,1
America,Guadeloupe,Immigration,6,10,13,10,15,30,12,34,25,23,9,12,13,13,20,29,15,19,23,19,18,22,31,49,45,33,44,43
America,Guatemala,Immigration,18,16,19,35,62,80,91,37,46,42,38,32,40,39,48,49,46,68,60,42,46,49,78,95,114,43,76,94
America,Guyana,Immigration,57,87,79,111,97,73,64,78,87,53,36,59,32,47,27,50,44,39,38,32,48,45,45,57,47,52,54,44
America,Haiti,Immigration,27,37,19,48,78,85,100,99,109,78,66,55,43,110,85,127,20,25,19,49,29,34,47,43,57,51,44,46
America,Honduras,Immigration,21,22,20,24,14,21,25,24,30,23,28,21,20,29,32,45,25,24,25,41,30,42,48,57,63,57,70,64
America,Jamaica,Immigration,43,68,69,94,83,87,51,78,35,34,28,28,41,28,61,61,60,74,55,64,100,106,78,86,98,61,68,88
America,Martinique,Immigration,3,8,10,5,8,8,2,5,9,7,10,7,5,8,6,4,7,10,6,10,6,7,13,12,16,6,13,16
America,Mexico,Immigration,106,158,174,217,240,249,263,380,331,295,293,374,401,495,461,538,580,610,646,680,832,876,985,1173,1187,1015,1174,1441
America,Montserrat,Immigration,0,1,0,1,0,1,1,0,0,1,2,1,0,2,1,0,2,0,0,0,0,0,1,2,1,1,0,1
America,Netherlands Antilles (old),Immigration,3483,4026,4946,7932,9005,10301,8337,5945,4274,3119,2541,2748,3286,3950,4030,4365,4040,3526,3232,3113,3206,3347,3907,4166,4572,0,0,0
America,Nicaragua,Immigration,20,26,20,34,16,18,19,27,36,17,26,27,17,31,27,29,37,41,44,49,39,37,36,75,94,55,59,48
America,Panama,Immigration,14,16,11,15,11,17,14,19,21,24,20,29,13,14,19,17,25,18,43,14,24,36,39,44,54,45,65,92
America,Paraguay,Immigration,10,17,10,20,15,10,14,5,11,8,9,9,8,13,11,13,11,14,16,15,21,16,31,24,36,27,48,49
America,Peru,Immigration,100,138,125,176,141,186,244,251,277,258,278,311,292,380,342,348,348,316,285,332,335,348,406,544,554,428,626,697
America,Puerto Rico,Immigration,9,8,9,7,2,9,6,10,10,8,9,14,8,12,10,14,14,21,15,17,20,29,27,22,44,15,17,30
America,Saint Kitts and Nevis,Immigration,3,2,4,5,10,12,10,11,10,10,4,4,8,6,6,6,6,2,5,3,3,5,6,4,1,3,3,4
America,Saint Pierre and Miquelon,Immigration,0,0,0,0,0,0,0,0,0,0,0,0,0,0,0,0,0,0,0,0,0,0,0,0,0,0,0,0
America,Saint Vincent and the Grenadines,Immigration,2,4,2,4,3,4,7,8,2,1,3,2,3,5,1,4,3,1,5,3,2,2,2,5,9,2,4,4
America,Saint Lucia,Immigration,0,2,3,6,6,2,10,6,3,4,3,1,1,6,15,6,3,1,9,8,6,7,6,9,10,3,8,5
America,Sint Maarten (Dutch part),Immigration,,,,,,,,,,,,,,,,0,0,4,4,8,7,18,66,25,32,302,345,333
America,Suriname,Immigration,2915,3870,3790,4990,3573,3953,3909,3713,3702,3111,2471,2183,2385,2738,2715,2703,2707,2446,2319,2269,2373,2647,3179,3551,3731,2932,2865,3280
America,Trinidad and Tobago,Immigration,29,26,45,32,22,43,32,34,28,18,23,19,25,34,29,25,42,29,22,49,48,51,70,70,82,40,48,57
America,Turks and Caicos Islands,Immigration,0,0,0,0,0,0,0,1,1,0,0,0,2,0,0,0,0,0,0,0,1,0,0,0,0,0,1,0
America,Uruguay,Immigration,26,33,42,34,27,37,46,34,47,22,29,37,46,53,40,38,59,52,68,68,61,69,58,93,152,94,125,193
America,Venezuela,Immigration,119,176,207,203,231,262,298,260,268,211,204,196,214,296,300,329,314,376,314,392,414,424,558,732,862,675,887,935
America,United States,Immigration,2406,3108,3134,3398,3445,3511,3220,3149,2772,2497,2652,3313,3443,3742,3413,3699,4112,4157,3966,4282,5104,5215,6180,6551,6788,5156,5245,6445
Asia,Afghanistan,Immigration,1495,2867,3686,3989,5597,4695,4554,2867,1862,878,784,663,538,643,1138,1709,1819,1389,1316,958,1023,2505,1268,1340,1116,1016,2737,3766
Asia,Bahrain,Immigration,5,3,3,5,10,9,9,7,4,9,2,5,6,10,5,6,21,13,7,20,22,28,32,41,31,27,36,36
Asia,Bangladesh,Immigration,49,60,67,54,61,68,71,93,57,45,59,79,48,91,116,126,127,134,179,162,199,315,339,253,309,397,752,1022
Asia,Bhutan,Immigration,21,11,10,4,5,10,17,13,16,14,32,26,35,56,110,115,96,20,25,13,19,13,11,23,12,3,11,11
Asia,Brunei,Immigration,19,27,38,22,37,18,29,33,15,16,25,19,22,22,14,19,25,20,48,26,23,26,24,26,32,16,23,20
Asia,Cambodia,Immigration,11,9,17,16,7,27,47,45,29,23,11,18,30,24,22,24,17,25,24,34,30,25,32,41,52,26,49,33
Asia,China,Immigration,1500,1566,1836,1992,1928,2722,3723,3997,4080,3550,3226,3103,3741,4750,4791,4858,5877,5493,5070,5132,5668,5976,6739,7161,7909,4769,6381,6525
Asia,Philippines,Immigration,591,703,675,631,562,651,687,711,655,567,607,659,734,1121,1110,1081,993,1003,1138,1120,1125,1232,1447,1556,1684,1375,1661,1871
Asia,Gaza Strip and West Bank,Immigration,,,,,,,,,,,,,,,,,,,,,,,,,87,95,101,102
Asia,Hong-Kong,Immigration,234,205,198,167,186,169,176,183,153,157,162,207,200,205,197,251,233,220,261,269,344,378,396,337,333,210,194,157
Asia,India,Immigration,601,707,831,1018,863,799,833,753,749,686,1331,2136,2663,3602,3252,3362,3989,4158,4674,5291,6390,7555,8921,10884,12576,6226,10028,14816
Asia,Indonesia,Immigration,2027,2118,2257,2856,2618,2741,2834,2685,2430,2177,2038,2154,2292,2426,2257,2365,2497,2202,2386,2484,2537,2937,2760,2831,2811,2225,2698,3019
Asia,Iraq,Immigration,3008,4688,6163,7431,3455,4547,3186,1580,1352,1206,1091,1314,2322,4227,3871,2331,2105,2050,2000,1805,1823,3727,2309,2130,1909,1513,1671,1791
Asia,Iran,Immigration,2661,2847,1702,1156,1161,1761,2207,1454,936,685,590,697,861,1038,1308,1498,1876,1557,1590,1211,1290,2678,2022,2352,3728,2128,2636,3565
Asia,Israel,Immigration,254,371,372,404,396,440,480,636,573,419,386,371,364,438,379,320,395,422,440,506,659,588,644,726,724,486,669,786
Asia,Japan,Immigration,1300,1389,1294,1222,1305,1305,1311,1331,1258,1251,1169,1197,1195,1219,1087,1059,1158,1143,1068,1160,1269,1558,1420,1540,1763,1073,1421,1750
Asia,Yemen,Immigration,37,67,36,57,45,71,73,63,27,22,21,20,22,25,34,52,44,35,52,66,91,118,178,301,702,659,919,1424
Asia,Jordan,Immigration,58,70,52,79,60,74,62,59,72,48,41,51,31,55,49,48,55,68,64,106,210,195,207,203,274,226,272,361
Asia,Qatar,Immigration,1,5,10,5,1,1,2,1,0,3,5,2,7,13,8,7,15,10,32,25,85,86,55,62,68,34,68,84
Asia,Kuwait,Immigration,170,227,193,160,98,147,95,61,61,44,46,42,52,74,59,73,72,92,120,150,225,292,193,151,145,114,143,223
Asia,Laos,Immigration,0,2,8,4,6,8,10,9,11,3,7,4,3,14,11,20,24,9,7,5,5,11,10,13,8,6,5,12
Asia,Lebanon,Immigration,210,156,174,160,202,291,238,204,152,115,130,208,146,157,171,118,159,149,205,189,360,478,477,381,509,547,709,1036
Asia,Macau,Immigration,6,10,4,6,17,17,10,6,7,2,6,7,4,9,10,16,8,6,17,19,16,21,13,18,17,13,8,8
Asia,Maldives,Immigration,1,0,2,0,0,2,1,1,0,1,5,1,1,1,0,0,0,0,0,2,2,6,2,4,1,1,6,4
Asia,Malaysia,Immigration,156,178,162,216,192,207,223,235,227,152,174,309,261,290,267,298,269,329,293,296,333,331,334,358,442,295,335,449
Asia,Mongolia,Immigration,4,14,12,20,31,92,186,155,119,74,42,46,56,76,91,121,69,54,32,47,73,73,50,33,43,29,35,45
Asia,Myanmar,Immigration,29,21,7,19,20,25,103,57,30,23,19,108,68,133,97,167,130,110,83,75,60,52,85,60,83,39,77,90
Asia,Nepal,Immigration,52,62,60,77,82,81,66,106,137,120,415,271,169,207,289,240,257,210,208,248,212,214,205,179,181,133,176,247
Asia,North Korea,Immigration,0,2,2,2,2,7,7,4,3,5,3,2,4,5,1,10,19,25,28,49,1,1,3,3,3,1,1,2
Asia,Oman,Immigration,11,45,36,56,21,35,37,34,40,36,56,44,28,34,29,29,41,72,95,93,82,80,112,110,123,113,82,84
Asia,Pakistan,Immigration,692,816,717,696,716,751,632,596,547,451,922,970,842,707,800,814,949,918,954,840,1029,1056,1145,1315,1516,1178,1516,2032
Asia,Saudi Arabia,Immigration,114,93,40,74,46,60,77,81,51,94,81,87,159,179,303,416,243,199,344,426,540,578,506,492,711,583,785,964
Asia,Singapore,Immigration,95,132,89,142,190,143,166,158,169,139,176,177,169,220,216,268,293,349,358,417,397,535,572,607,625,443,357,651
Asia,Sri Lanka,Immigration,605,432,553,594,683,720,657,515,386,232,171,190,232,340,336,361,339,285,281,271,196,254,209,256,268,179,269,507
Asia,Syria,Immigration,278,304,288,307,636,943,1102,666,387,235,199,145,167,200,226,332,301,570,1973,8636,20988,28007,16848,5660,5793,6047,11684,17083
Asia,Taiwan,Immigration,106,186,229,289,247,260,332,389,385,345,416,381,404,464,417,459,488,396,461,512,548,696,788,890,1069,624,721,1045
Asia,Thailand,Immigration,397,518,538,678,623,871,959,1043,1017,951,820,830,678,920,865,917,941,853,791,786,799,900,892,996,1127,758,956,949
Asia,Timor Leste,Immigration,,,,,,,,0,2,0,0,2,1,0,0,0,0,1,0,1,0,0,4,1,0,3,2,2
Asia,United Arab Emirates,Immigration,15,237,242,109,54,48,31,40,35,39,45,29,39,53,64,70,61,85,98,158,334,349,308,339,506,479,538,664
Asia,Vietnam,Immigration,206,259,283,332,326,434,602,761,588,498,353,342,317,411,434,448,520,451,459,507,582,801,992,1089,1259,729,875,1024
Asia,South Korea,Immigration,200,258,241,282,340,395,418,389,371,420,431,512,555,580,574,725,872,803,913,1030,1166,1414,1641,1610,1714,727,1036,1382
Europe,Albania,Immigration,34,48,55,112,77,98,116,103,77,72,48,62,62,111,162,111,146,182,204,273,337,392,465,525,564,413,472,614
Europe,Andorra,Immigration,0,1,0,0,0,1,1,0,0,1,2,3,0,1,2,2,4,1,2,4,2,5,12,6,6,6,14,9
Europe,Armenia,Immigration,32,33,13,20,38,100,84,67,38,37,23,16,28,37,57,118,143,83,66,68,53,51,53,76,77,250,275,686
Europe,Azerbaijan,Immigration,14,14,8,29,48,202,167,96,53,15,11,14,10,18,21,35,42,33,43,75,60,83,79,88,179,282,410,861
Europe,Belgium,Immigration,1742,1955,2305,2366,2416,2314,2174,2102,1978,1736,1768,1977,2152,2434,2299,2535,2699,3006,2966,3192,3192,3738,4003,3940,4117,4212,4007,3893
Europe,Bosnia and Herzegovina,Immigration,221,137,54,36,102,128,79,58,44,23,18,21,19,17,24,25,23,36,51,47,55,79,67,115,146,433,401,462
Europe,Bulgaria,Immigration,110,164,229,241,268,302,351,467,504,443,435,475,4865,5201,4308,4256,5314,4948,4452,5047,4702,4809,5745,6650,8646,8544,9547,10891
Europe,Cyprus,Immigration,26,28,25,18,25,30,23,23,18,38,36,32,46,70,71,71,104,103,137,143,169,208,303,327,364,329,540,601
Europe,Denmark,Immigration,274,408,355,422,410,493,390,304,351,347,276,333,308,405,321,393,433,483,482,505,486,653,664,721,676,548,591,609
Europe,Germany,Immigration,5902,5936,5883,5825,5587,5483,5501,5293,5013,5425,5564,6390,7129,8883,8723,9784,9621,8949,8467,8415,8920,9871,10689,11076,11688,10715,10984,10548
Europe,Estonia,Immigration,10,24,21,16,19,28,28,33,46,94,80,64,76,116,137,270,317,273,265,278,199,259,270,294,326,299,375,466
Europe,Faroe Islands,Immigration,1,0,1,0,1,0,0,0,1,1,0,0,0,0,0,1,0,0,0,3,1,0,1,1,6,3,5,1
Europe,Federal Republic of Yugoslavia,Immigration,0,7,14,27,228,306,207,78,9,,,,,,,,,,,,,,,,,,,
Europe,Finland,Immigration,306,342,416,511,510,488,420,405,324,349,339,311,392,450,466,532,646,656,588,667,791,991,1081,1117,1148,748,816,976
Europe,France,Immigration,1125,1586,1792,2026,1970,2049,2003,1783,1681,1632,1725,1909,2168,2875,2753,2843,2833,2849,3097,3521,3908,4295,4783,5015,5346,4573,5139,5573
Europe,Georgia,Immigration,51,26,8,12,13,31,25,16,20,14,4,11,12,15,26,68,41,39,32,42,51,72,90,111,145,315,376,663
Europe,Gibraltar,Immigration,3,0,1,3,1,3,3,6,4,2,1,3,4,0,1,3,1,1,1,2,1,2,5,2,8,5,0,1
Europe,Greece,Immigration,423,532,662,681,679,702,771,791,655,682,729,851,869,1257,1196,1682,2471,3098,2717,2379,2560,2941,3414,3650,4290,3321,4803,5918
Europe,Hungary,Immigration,255,403,448,508,422,507,596,494,422,607,611,608,1007,1689,2178,2385,2560,2973,2675,2723,2827,2726,2938,2936,3270,2665,3142,3696
Europe,Ireland,Immigration,422,639,556,512,513,516,506,453,402,350,312,283,364,406,568,607,680,570,609,712,725,915,1016,1209,1517,1253,1650,1721
Europe,Iceland,Immigration,55,50,84,62,73,55,82,88,53,63,43,49,94,114,81,84,89,94,81,101,125,133,125,138,134,109,81,130
Europe,Italy,Immigration,947,1184,1272,1396,1485,1454,1430,1330,1226,1153,1275,1472,1674,2309,2372,2549,2831,3355,3910,4702,5083,5687,6547,7140,7770,6312,7304,8181
Europe,Yugoslavia (old),Immigration,7384,3525,1799,1713,3994,4489,3031,1762,1301,979,853,869,1009,1145,1269,1276,1388,1354,1520,1662,1486,1584,1564,1652,1810,0,0,0
Europe,Channel Islands,Immigration,3,0,0,3,3,3,1,5,0,0,0,0,2,3,11,3,4,2,6,6,9,18,20,24,12,12,6,19
Europe,Kazakhstan,Immigration,3,3,5,2,6,23,31,21,18,9,7,11,14,15,20,34,31,50,52,66,75,103,120,139,215,275,458,718
Europe,Kyrgyzstan,Immigration,0,0,0,0,0,2,17,11,6,11,0,4,5,3,5,5,10,9,14,10,17,18,17,27,41,49,73,196
Europe,Kosovo,Immigration,,,,,,,,,,,,,,1,0,0,0,6,5,7,2,14,3,8,13,134,154,144
Europe,Croatia,Immigration,29,16,9,13,30,23,15,16,5,7,5,4,7,10,9,4,29,22,41,88,134,172,207,282,570,736,1259,1373
Europe,Latvia,Immigration,20,33,45,46,33,48,44,68,51,124,127,110,116,221,501,938,981,1105,867,1040,945,973,1162,1456,1652,1459,1828,1830
Europe,Liechtenstein,Immigration,0,0,1,1,1,0,1,0,1,0,1,1,0,0,3,1,3,1,0,2,3,7,2,2,9,0,3,4
Europe,Lithuania,Immigration,37,66,67,95,61,68,116,125,114,347,308,255,299,390,524,980,1229,1132,1190,1049,1082,1177,1511,1760,1987,1457,1861,2135
Europe,Luxembourg,Immigration,24,30,44,35,31,40,38,33,36,28,38,41,64,64,58,71,86,76,97,133,146,224,277,319,392,294,378,345
Europe,Macedonia,Immigration,3,5,1,0,12,15,16,16,12,7,5,2,4,12,11,21,22,29,30,53,58,102,82,120,,,,
Europe,Malta,Immigration,6,21,19,25,23,25,19,27,23,30,18,26,28,34,32,42,34,46,47,44,47,73,64,75,102,63,112,142
Europe,man,Immigration,0,0,0,0,0,0,1,0,0,1,0,1,0,0,1,5,0,0,2,3,3,3,4,1,3,3,3,3
Europe,Moldavia,Immigration,0,5,2,2,9,5,7,9,6,3,7,5,8,11,5,10,31,47,52,88,118,183,310,446,649,1105,1468,2080
Europe,Monaco,Immigration,1,8,2,1,4,4,2,0,3,1,1,4,7,2,1,7,4,9,10,13,10,14,15,17,19,17,14,20
Europe,Montenegro,Immigration,,,,,,,,,,,,0,0,0,0,2,3,4,1,0,0,1,2,1,3,46,44,54
Europe,Norway,Immigration,259,293,366,348,319,349,353,333,308,284,290,274,245,309,332,424,375,348,423,426,436,555,593,560,620,472,488,571
Europe,Ukraine,Immigration,31,44,22,27,33,71,91,99,90,72,59,57,52,67,85,100,132,164,226,298,450,512,637,806,924,1440,1793,99793
Europe,Uzbekistan,Immigration,2,2,5,8,6,17,26,20,13,7,13,13,15,13,7,13,18,13,15,21,19,26,26,42,67,115,143,412
Europe,Austria,Immigration,266,346,361,375,357,333,390,336,338,289,322,383,401,477,424,503,541,491,508,675,610,736,820,889,898,798,835,901
Europe,Poland,Immigration,1274,1548,1513,1714,1212,1900,2231,2387,2260,5210,6781,8400,10272,14149,13288,15064,19181,18675,20659,24055,23179,23213,24000,25603,27215,25725,25269,26434
Europe,Portugal,Immigration,415,486,519,615,854,1028,1224,1205,1197,1002,839,1224,1596,2037,2015,1557,1760,2086,2101,1921,1896,1988,2147,2440,2876,1966,3432,4570
Europe,Republic of North Macedonia,Immigration,,,,,,,,,,,,,,,,,,,,,,,,,133,282,362,402
Europe,Romania,Immigration,307,349,428,486,440,647,733,660,743,729,583,787,2436,2506,2249,2720,2842,2637,2684,4546,4279,5032,7053,8665,10423,9477,11102,12753
Europe,Russia,Immigration,72,92,72,70,128,296,304,214,164,116,106,111,94,114,128,219,316,372,457,539,667,767,953,1135,1438,2287,3015,9199
Europe,Russia (old),Immigration,19,12,6,3,4,4,5,1,4,2,1,2,3,1,0,1,0,1,0,0,0,0,0,1,0,0,0,0
Europe,San Marino,Immigration,0,1,0,0,0,0,0,0,0,0,0,0,0,0,0,0,0,0,0,3,2,1,1,2,3,3,4,3
Europe,Serbia,Immigration,,,,,,,,,,,,0,2,8,8,16,18,27,33,41,48,56,57,88,72,536,579,726
Europe,Serbia and Montenegro,Immigration,,,,,,,,,46,25,18,20,24,24,18,30,26,29,26,40,59,81,96,124,226,0,0,0
Europe,Slovenia,Immigration,6,8,2,4,1,3,1,1,3,2,6,14,10,11,8,22,29,32,64,156,138,161,192,224,238,246,339,348
Europe,Slovakia,Immigration,2,9,8,7,14,40,53,22,15,35,35,26,59,68,53,83,72,126,132,209,274,425,532,758,904,1543,1897,1922
Europe,Soviet Union (old),Immigration,1897,2061,1918,2373,2724,5383,5319,4124,3057,2312,2050,1978,2214,2684,2865,3295,3363,3209,2847,3087,3093,3178,3505,3978,4471,0,0,0
Europe,Spanje,Immigration,803,993,1167,1210,1248,1301,1358,1426,1301,1292,1289,1398,1564,2217,2413,2815,3242,4063,4584,4255,4197,4431,4887,5455,6328,5034,7241,8463
Europe,Tadzjikistan,Immigration,1,1,3,2,5,2,8,7,0,2,0,0,2,3,1,4,9,7,9,9,5,11,13,11,8,26,25,133
Europe,Tsjechië,Immigration,28,29,28,43,29,31,51,27,29,47,42,50,52,83,75,111,121,124,165,219,232,306,387,452,583,875,1001,1081
Europe,Tsjecho-Slowakije (oud),Immigration,225,361,399,585,434,675,678,529,425,922,954,1095,1139,1566,1300,1631,1581,1391,1362,1521,1350,1219,1256,1299,1201,0,0,0
Europe,Turkije,Immigration,5104,6662,6705,5981,5274,5799,6440,6554,7067,4843,3704,3586,3434,4703,4859,5245,4827,4658,4728,4605,4855,5784,7164,8055,9616,7936,10650,16322
Europe,Turkmenistan,Immigration,0,0,0,2,0,0,0,3,0,2,0,0,0,2,4,2,0,1,1,1,2,6,6,9,17,18,28,433
Europe,Vaticaanstad,Immigration,0,0,0,0,0,0,0,0,0,0,0,0,0,0,0,0,0,0,0,0,0,0,0,0,0,0,0,0
Europe,Verenigd Koninkrijk,Immigration,3514,4512,4520,4582,4884,5664,5614,4536,3839,3481,3023,3409,3787,4449,4165,4147,4180,4392,4687,4843,5323,6021,6574,7233,8298,7136,4191,4329
Europe,Belarus,Immigration,2,3,8,7,14,21,21,24,26,25,24,17,12,13,14,28,28,28,41,54,55,76,76,113,166,277,440,940
Europe,Zweden,Immigration,377,532,530,636,663,573,495,480,423,402,416,499,511,592,589,637,735,756,692,787,885,880,922,1013,1066,775,967,1087
Europe,Zwitserland,Immigration,315,342,403,385,466,373,352,329,290,296,301,371,390,444,430,513,543,532,569,639,644,793,882,933,1035,716,1033,1137
Africa,Algeria,Immigration,456,391,342,366,323,346,272,253,161,151,111,131,129,184,139,141,179,139,140,166,170,175,193,239,228,198,220,650
Africa,Angola,Immigration,706,530,367,348,735,1310,1995,3643,1199,367,173,132,154,190,164,178,174,172,158,149,120,202,163,233,233,210,205,225
Africa,Benin,Immigration,13,14,14,21,15,18,45,86,53,38,24,13,25,18,25,29,29,25,33,17,27,29,24,17,25,19,21,18
Africa,Botswana,Immigration,10,20,13,19,15,13,10,21,6,13,13,12,14,13,14,15,12,9,13,12,10,14,17,22,26,17,30,19
Africa,British Indian Ocean Territory,Immigration,1,0,0,0,0,0,0,0,0,0,0,0,0,0,0,0,0,0,0,0,1,0,1,0,0,0,0,0
Africa,Burkina Faso,Immigration,22,25,36,22,47,34,33,25,32,37,27,25,23,22,45,32,37,14,31,18,20,25,16,26,29,25,20,29
Africa,Burundi,Immigration,31,43,76,105,107,222,365,444,368,340,441,339,278,155,124,57,46,50,58,46,93,59,77,67,53,35,48,50
Africa,Central-African Republic,Immigration,2,6,4,3,7,4,10,2,4,3,6,7,2,1,7,3,3,3,3,5,7,3,8,10,11,3,7,4
Africa,Comoros,Immigration,3,0,1,3,2,0,4,1,4,1,1,0,2,0,3,0,1,0,2,0,0,1,0,0,2,0,1,3
Africa,Congo,Immigration,79,40,46,61,102,228,301,209,117,57,84,78,50,64,68,62,68,52,94,65,49,26,30,37,49,20,31,38
Africa,Congo (Democratic Republic),Immigration,1054,546,429,399,450,608,737,679,415,238,273,207,171,184,218,216,212,222,293,176,191,187,147,258,199,139,165,288
Africa,Djibouti,Immigration,8,9,15,16,5,19,15,12,15,7,3,3,6,12,7,4,7,3,4,2,8,11,11,7,12,7,15,9
Africa,Egypt,Immigration,579,765,842,877,694,607,670,712,762,660,546,541,568,653,915,864,843,888,971,952,926,1213,1453,1519,1665,1274,1396,1813
Africa,Equatorial Guinea,Immigration,1,1,1,1,0,7,5,6,2,5,0,1,8,6,10,13,11,4,4,7,5,0,6,9,6,7,12,7
Africa,Eritrea,Immigration,11,29,57,49,47,92,97,99,77,91,73,75,119,125,222,295,311,232,459,2092,3319,3195,3065,2677,2493,1764,1393,1146
Africa,eswatini,Immigration,,,,,,,,,,,,,,,,,,,,,,,,,6,7,9,12
Africa,Ethiopia,Immigration,490,408,341,349,384,506,586,524,382,360,346,387,446,519,535,574,605,540,583,1288,2742,3151,1841,1661,1204,873,877,768
Africa,Gabon,Immigration,8,9,11,13,7,3,5,37,8,12,10,1,6,7,11,14,3,5,10,13,13,8,1,8,12,2,11,5
Africa,Gambia,Immigration,10,32,33,47,40,50,48,55,49,44,50,34,27,65,55,83,76,44,58,79,96,111,114,157,211,166,313,145
Africa,Ghana,Immigration,391,690,729,753,546,579,591,581,689,479,943,760,557,860,1351,930,965,698,709,656,628,636,744,907,1057,654,769,1046
Africa,Guinea,Immigration,55,67,93,186,249,516,873,959,316,147,99,72,101,203,251,265,233,180,176,139,113,97,135,151,205,129,170,125
Africa,Guinea-Bissau,Immigration,15,10,10,28,33,25,37,31,25,15,16,12,9,34,22,35,29,18,25,20,21,19,17,20,29,16,27,24
Africa,Ivory Coast,Immigration,32,26,31,35,36,40,91,126,166,157,82,121,114,116,130,136,147,106,74,69,57,44,71,60,83,57,63,86
Africa,Cape Verde,Immigration,251,359,377,373,250,221,286,282,323,261,226,203,224,312,289,232,248,240,240,233,219,194,219,239,273,178,232,241
Africa,Cameroon,Immigration,55,98,111,128,124,153,321,390,276,231,191,164,164,165,205,190,162,151,119,102,118,114,136,157,160,142,161,202
Africa,Kenya,Immigration,137,155,199,177,184,197,155,175,173,160,161,209,166,276,291,237,287,256,265,272,263,319,305,349,333,293,340,413
Africa,Lesotho,Immigration,2,5,8,2,3,5,5,6,3,6,4,9,12,8,3,10,8,9,8,8,10,5,5,9,6,6,2,7
Africa,Liberia,Immigration,254,263,312,153,95,144,188,168,193,201,171,74,81,70,69,65,50,42,46,42,51,34,44,64,85,74,64,79
Africa,Libya,Immigration,27,46,41,46,53,64,85,74,76,62,50,39,63,74,109,148,177,91,110,283,540,222,146,151,170,110,140,196
Africa,Madagascar,Immigration,7,15,6,12,11,11,12,5,6,12,9,4,7,8,6,12,16,11,16,20,16,17,18,20,17,19,17,23
Africa,Malawi,Immigration,11,8,22,18,17,19,20,19,12,9,7,18,18,24,22,17,16,18,15,17,21,19,31,25,30,16,20,17
Africa,Mali,Immigration,8,14,17,16,16,24,16,26,15,17,9,7,15,7,16,11,12,11,26,8,14,7,13,14,25,14,29,25
Africa,Morocco,Immigration,3352,4756,5163,5833,4972,4776,5568,5507,5220,3972,2658,2488,2249,2740,3037,3142,3487,3123,3135,3241,2733,3139,3521,4262,4577,3495,3782,4815
Africa,Mauritania,Immigration,48,32,42,57,64,62,53,51,19,12,4,7,5,13,6,5,20,9,9,15,11,5,9,15,7,7,10,12
Africa,Mauritius,Immigration,19,10,16,13,13,13,13,24,12,23,11,12,25,26,22,19,18,24,18,27,20,31,36,55,45,26,52,44
Africa,Mayotte,Immigration,0,1,0,0,2,2,4,1,5,1,0,0,1,1,1,0,0,0,0,1,0,0,0,2,2,0,0,1
Africa,Mozambique,Immigration,36,41,46,51,48,62,68,51,45,39,41,51,46,70,53,42,57,46,44,50,39,39,45,39,76,62,68,76
Africa,Namibia,Immigration,8,22,23,26,26,49,27,27,33,25,26,29,24,36,27,29,36,27,35,26,32,32,60,65,90,88,93,115
Africa,Niger,Immigration,13,28,27,19,24,45,71,133,113,43,25,20,27,19,32,28,13,7,10,17,17,11,12,11,15,11,16,9
Africa,Nigeria,Immigration,232,471,534,602,479,448,485,530,596,458,604,507,533,637,722,696,712,565,598,626,558,485,635,832,1278,812,1370,2814
Africa,Reunion,Immigration,2,10,2,7,1,2,5,5,7,1,1,1,0,0,1,4,6,2,6,4,3,5,2,2,6,4,4,4
Africa,Rwanda,Immigration,93,52,94,106,205,273,228,152,119,41,63,63,48,64,77,80,64,74,81,91,56,52,69,65,97,50,67,158
Africa,Sao Tome and Principe,Immigration,6,8,4,12,2,4,0,10,10,12,4,3,5,13,9,8,9,10,8,12,5,6,12,8,8,16,11,20
Africa,Senegal,Immigration,40,60,66,79,60,72,80,69,69,97,66,49,55,51,58,63,58,69,77,53,59,88,83,96,106,85,109,103
Africa,Seychelles,Immigration,7,1,3,3,1,4,1,1,3,0,3,2,6,3,3,4,2,5,3,3,5,3,10,3,3,3,12,6
Africa,Sierra Leone,Immigration,89,189,177,229,449,816,1624,2050,683,224,135,128,141,243,247,197,165,204,167,168,116,132,155,168,152,132,167,148
Africa,Saint Helena,Immigration,0,0,0,0,0,0,0,0,0,0,0,0,0,0,0,0,0,0,0,1,0,0,0,0,0,0,0,0
Africa,Sudan,Immigration,202,310,716,1033,893,1546,1417,811,404,187,191,159,156,191,204,273,372,255,272,406,515,585,416,542,443,320,321,410
Africa,Somalia,Immigration,2993,3543,1678,1443,1809,2340,1870,1179,595,542,590,850,1556,2670,5321,4476,2465,1054,2953,1888,1045,972,903,995,957,804,925,1330
Africa,Swaziland,Immigration,2,1,7,3,6,16,6,4,3,11,6,5,1,2,3,1,7,2,8,3,8,6,7,6,,,,
Africa,Tanzania,Immigration,74,101,116,119,96,117,121,131,115,128,131,165,185,149,166,122,107,108,120,103,130,102,130,133,129,92,104,135
Africa,Togo,Immigration,58,64,83,96,108,134,256,306,198,133,80,61,41,66,69,52,57,50,29,40,32,46,30,37,25,32,31,42
Africa,Chad,Immigration,3,3,3,1,8,5,45,28,5,1,5,3,4,8,4,1,4,0,2,8,4,8,4,7,12,6,11,7
Africa,Tunisia,Immigration,214,189,260,236,221,270,229,199,256,179,158,150,136,203,181,181,208,212,237,252,235,274,351,390,434,283,335,531
Africa,Uganda,Immigration,59,67,81,103,90,79,120,123,118,144,173,140,151,176,178,213,157,186,276,256,241,248,219,322,427,256,251,284
Africa,Zambia,Immigration,49,67,81,72,83,77,55,99,105,68,54,76,68,74,59,72,72,82,59,61,64,84,66,69,102,78,72,103
Africa,Zimbabwe,Immigration,41,67,92,92,107,99,130,88,103,61,70,68,110,160,168,134,137,111,116,114,121,143,217,196,300,230,210,316
Africa,South Africa,Immigration,522,893,1020,1628,1282,1290,1353,1054,883,782,695,774,911,1238,1017,934,1011,960,1004,1103,1333,1693,1778,2588,3420,2951,3817,5797
Africa,Southern Sudan,Immigration,,,,,,,,,,,,,,,,,0,0,0,2,4,2,4,7,9,4,3,0
Oceania,American Samoa,Immigration,0,0,0,0,0,1,0,0,0,1,0,0,0,0,0,0,0,1,0,1,0,0,0,1,1,0,0,0
Oceania,Antarctica,Immigration,0,0,0,0,0,0,0,0,0,0,0,0,0,0,0,0,0,0,0,0,0,0,0,0,0,0,0,0
Oceania,Australia,Immigration,453,550,528,709,833,859,1027,951,812,723,778,842,899,979,938,989,1010,959,1038,1092,1334,1466,1523,1654,1711,1048,728,1168
Oceania,Cook Islands,Immigration,0,0,2,0,2,0,0,0,0,0,0,0,0,0,0,0,0,0,0,0,0,0,0,0,0,0,0,0
Oceania,Fiji,Immigration,6,5,6,7,12,12,4,10,3,1,1,7,4,5,6,7,5,11,11,4,5,11,6,5,15,4,9,14
Oceania,French Polynesia,Immigration,0,0,2,1,1,3,1,0,0,1,2,1,2,1,2,0,2,5,2,3,7,3,4,8,9,7,10,3
Oceania,Guam,Immigration,0,0,0,0,0,1,1,0,0,0,0,0,0,1,0,0,0,0,0,2,0,0,0,0,0,1,1,0
Oceania,Kiribati,Immigration,1,2,0,0,0,1,0,1,0,0,0,0,0,1,0,0,0,0,0,0,2,0,0,0,0,0,2,0
Oceania,Marshall Islands,Immigration,0,0,0,0,1,0,0,0,0,0,0,0,0,0,0,0,0,0,0,0,0,0,1,0,0,0,0,0
Oceania,Micronesia,Immigration,0,0,0,0,0,0,1,0,0,0,0,0,0,0,0,0,0,0,0,0,1,2,0,0,0,1,1,0
Oceania,Nauru,Immigration,0,0,0,0,0,0,0,0,1,0,0,0,0,0,0,0,0,1,0,0,0,0,0,0,3,0,0,0
Oceania,New Caledonia,Immigration,0,1,1,2,2,2,2,1,0,2,3,1,4,0,1,3,2,3,0,0,3,4,3,12,8,4,9,6
Oceania,New Zealand,Immigration,144,219,249,260,314,419,400,292,242,228,232,263,301,345,311,320,347,310,355,362,421,451,516,558,560,334,229,354
Oceania,Niue,Immigration,0,0,0,0,0,0,0,0,0,0,0,0,0,0,0,0,0,0,0,0,0,0,0,0,0,0,0,0
Oceania,Northern Mariana Islands,Immigration,0,0,1,0,0,1,0,0,0,0,0,0,0,0,0,0,0,0,0,0,0,0,0,0,1,0,0,0
Oceania,Norfolk,Immigration,0,0,0,0,0,0,0,0,0,0,0,0,0,0,0,0,0,0,0,0,0,0,0,0,0,0,0,0
Oceania,Palau,Immigration,0,1,0,0,0,0,0,1,3,0,1,0,1,0,0,0,0,1,0,0,0,1,0,1,1,0,0,0
Oceania,Papua New Guinea,Immigration,2,13,9,16,4,5,7,8,14,16,13,10,10,10,8,1,1,5,3,7,4,8,4,5,2,13,7,3
Oceania,Pitcairn Islands,Immigration,0,0,0,0,0,0,0,0,0,1,0,0,0,0,0,0,0,0,0,0,0,0,0,0,0,0,0,0
Oceania,Solomon Islands,Immigration,1,0,7,0,0,0,0,1,0,0,0,0,0,1,1,0,0,0,0,0,1,0,1,1,0,0,0,0
Oceania,Samoa,Immigration,3,1,4,0,2,0,1,3,0,0,3,1,1,3,1,3,6,4,1,0,0,1,1,3,2,0,1,2
Oceania,Tokelau,Immigration,0,0,0,0,0,0,0,0,0,0,0,0,0,0,0,0,0,0,0,0,0,0,0,0,0,0,0,0
Oceania,Tonga,Immigration,1,0,3,0,3,3,0,1,1,0,0,1,0,0,0,0,2,0,0,0,1,0,1,1,3,0,2,0
Oceania,Tuvalu,Immigration,0,0,0,0,0,0,0,0,0,0,0,0,0,0,0,0,0,0,1,0,0,0,0,0,0,0,0,0
Oceania,Vanuatu,Immigration,1,1,0,0,0,2,0,0,2,0,0,1,1,0,0,0,2,0,0,0,0,1,5,1,1,0,1,0
Oceania,Far Islands of the US,Immigration,0,0,0,0,0,0,0,0,0,0,0,0,0,0,0,0,0,0,0,0,0,0,0,0,0,0,0,0
Oceania,Wallis and Futuna,Immigration,0,0,0,0,0,0,1,0,0,0,0,0,0,0,1,0,0,0,0,0,0,0,0,0,0,0,0,0
America,American virgin islands,Emigration,0,0,1,0,4,1,1,1,2,0,0,0,3,1,0,0,3,0,1,1,0,2,1,1,-1,1,0,4
America,Anguilla,Emigration,3,0,0,2,2,2,0,1,1,4,6,2,-1,3,0,-1,3,1,0,1,3,0,1,2,0,1,1,0
America,Antigua and Barbuda,Emigration,-1,2,1,0,0,0,3,1,0,3,0,4,1,3,2,-1,0,1,6,4,3,3,2,0,2,1,0,1
America,Argentina,Emigration,125,136,126,118,133,91,109,118,158,187,214,290,248,236,179,303,299,269,299,316,355,358,384,407,478,517,450,626
America,Aruba,Emigration,55,29,49,48,59,72,86,125,143,132,163,122,90,115,150,168,259,335,375,287,356,342,350,339,306,425,552,647
America,Bahamas,Emigration,3,5,1,1,8,4,2,9,2,0,6,1,3,4,2,3,2,7,1,7,5,3,9,9,3,5,2,8
America,Barbados,Emigration,-1,7,8,6,3,3,7,6,6,1,5,4,6,3,4,5,3,10,6,1,6,8,9,5,9,7,12,2
America,Belize,Emigration,2,1,0,3,2,0,2,1,-1,2,1,2,1,1,0,4,4,2,1,1,0,0,2,3,4,5,6,3
America,Bermuda,Emigration,0,3,2,5,1,2,2,2,2,3,3,1,2,0,1,3,5,2,5,3,3,1,3,7,9,7,7,7
America,Bolivia,Emigration,24,22,24,25,25,33,22,39,35,38,34,43,43,36,48,62,41,68,61,43,48,50,52,60,55,71,56,57
America,Brazil,Emigration,309,381,377,352,351,371,348,483,440,544,588,666,774,811,921,993,1069,1149,1378,1596,1525,1823,1490,1544,1727,1736,1661,1792
America,British Virginislands,Emigration,1,1,0,0,0,0,0,0,1,1,0,0,0,0,1,4,-1,1,1,0,0,1,3,1,0,4,3,0
America,Canada,Emigration,427,497,446,505,517,536,510,614,613,571,679,787,728,719,824,789,893,869,1055,870,987,1079,1174,1221,1190,1130,746,720
America,Caribbean Netherlands,Emigration,,,,,,,,,,,,,,,,0,0,0,1,2,3,3,11,5,7,143,118,145
America,Cayman Islands,Emigration,0,0,0,0,2,0,1,1,0,1,2,2,0,2,2,0,0,1,0,0,0,1,0,1,2,0,2,2
America,Chili,Emigration,123,131,116,90,99,123,82,138,110,146,209,333,281,163,194,134,139,187,208,221,246,229,264,274,282,350,211,312
America,Colombia,Emigration,246,242,245,267,274,198,192,255,315,322,457,534,424,424,420,543,655,652,685,656,707,670,716,729,706,697,606,749
America,Costa Rica,Emigration,15,19,19,27,21,29,40,30,36,22,37,40,63,35,45,49,36,68,74,47,69,75,43,63,91,70,62,68
America,Cuba,Emigration,22,47,32,54,61,45,66,54,70,73,70,82,60,72,55,55,59,80,73,85,103,90,73,83,55,55,69,90
America,Curacao,Emigration,,,,,,,,,,,,,,,,0,0,9,27,21,35,44,35,63,71,1153,1423,1613
America,Dominica,Emigration,3,4,3,0,3,3,5,5,2,8,11,6,7,2,8,2,7,4,5,2,5,6,1,4,5,4,4,5
America,Dominican Republic,Emigration,379,325,303,270,302,276,266,359,354,399,436,541,344,415,329,403,451,580,521,471,473,473,456,406,351,254,301,386
America,Ecuador,Emigration,29,38,41,52,48,38,56,53,55,82,84,94,129,131,100,150,149,178,171,152,178,191,214,203,205,206,185,206
America,El Salvador,Emigration,11,14,4,4,18,11,7,8,20,5,11,11,16,11,14,10,23,13,18,8,25,33,22,25,28,27,25,31
America,Falkland Islands,Emigration,1,0,0,0,0,0,0,0,0,0,1,0,0,0,0,0,0,0,0,0,0,0,0,0,0,0,0,0
America,French Guyana,Emigration,20,20,32,24,24,12,8,31,39,42,58,91,54,51,31,46,56,38,44,61,37,25,47,34,32,23,22,29
America,Grenada,Emigration,3,4,1,1,3,1,1,3,2,0,1,2,4,2,-1,3,-1,1,3,2,3,1,3,2,1,3,0,2
America,Greenland,Emigration,3,2,2,0,3,2,2,0,0,1,0,0,1,0,1,0,0,1,0,5,1,2,4,0,1,0,3,4
America,Guadeloupe,Emigration,14,18,6,14,10,8,10,12,23,17,20,26,26,10,25,30,18,7,23,17,14,15,15,21,16,18,17,22
America,Guatemala,Emigration,6,8,2,3,30,15,17,13,21,19,18,30,26,25,38,29,38,29,26,36,30,37,42,29,38,41,35,36
America,Guyana,Emigration,67,52,63,57,39,45,45,50,58,44,69,73,72,46,36,28,59,38,42,54,51,52,40,52,23,18,16,32
America,Haiti,Emigration,12,8,7,7,7,16,5,9,12,11,16,16,23,32,15,19,18,23,28,20,19,10,22,21,24,22,24,33
America,Honduras,Emigration,7,6,7,13,12,3,14,6,15,21,14,11,26,25,9,21,12,15,14,16,18,25,23,28,28,32,28,35
America,Jamaica,Emigration,51,63,52,51,45,39,54,47,35,34,53,66,49,32,29,33,36,46,32,52,44,51,40,50,37,27,40,47
America,Martinique,Emigration,5,8,5,9,2,6,8,3,6,4,7,14,7,5,14,4,4,3,9,8,12,9,9,8,6,14,8,7
America,Mexico,Emigration,75,101,87,105,114,124,139,184,182,193,228,293,266,300,295,332,379,429,462,492,511,556,586,632,697,654,561,708
America,Montserrat,Emigration,0,0,1,0,0,0,1,0,0,0,1,1,1,0,1,1,1,1,-1,0,0,2,0,1,1,-1,2,2
America,Netherlands Antilles (old),Emigration,4631,3829,3371,2724,2985,2686,3164,4170,5291,5652,5562,4889,3981,3638,3093,3647,3807,4238,4106,3450,3290,3117,2624,2370,2149,0,0,0
America,Nicaragua,Emigration,20,21,19,14,21,17,9,5,13,16,14,17,20,11,5,16,14,23,33,26,21,23,18,23,31,13,17,30
America,Panama,Emigration,6,9,12,10,5,9,17,10,17,7,10,13,20,22,21,12,15,8,27,16,20,19,21,14,21,17,24,30
America,Paraguay,Emigration,5,9,16,15,11,12,6,5,5,8,12,11,12,4,8,13,3,11,3,11,14,21,21,21,12,21,14,22
America,Peru,Emigration,77,80,53,71,69,68,69,77,97,113,144,178,215,238,201,202,230,256,288,211,225,244,242,258,265,230,241,226
America,Puerto Rico,Emigration,9,6,10,5,9,7,6,1,12,11,5,10,14,16,10,7,10,10,20,10,14,22,12,25,22,29,22,14
America,Saint Kitts and Nevis,Emigration,1,2,1,1,1,2,5,4,4,10,10,4,7,3,6,9,3,2,8,8,8,4,0,1,1,1,1,3
America,Saint Pierre and Miquelon,Emigration,0,0,0,0,0,0,0,0,0,0,0,0,0,0,0,0,0,0,0,0,0,0,0,0,0,0,0,0
America,Saint Vincent and the Grenadines,Emigration,2,1,3,1,1,2,0,3,5,1,3,1,3,3,1,2,2,2,0,4,3,0,2,4,2,6,3,2
America,Saint Lucia,Emigration,0,0,0,1,0,3,0,5,6,4,2,10,8,7,5,3,6,5,1,3,4,7,8,2,1,3,2,9
America,Sint Maarten (Dutch part),Emigration,,,,,,,,,,,,,,,,0,0,1,2,2,3,3,11,13,9,113,128,137
America,Suriname,Emigration,2504,2866,2843,2276,2169,1708,1549,2286,2646,2467,3142,3678,2975,2671,1955,2482,2729,3426,3239,3241,3015,2581,2191,1879,1688,969,1100,1584
America,Trinidad and Tobago,Emigration,24,35,17,15,25,15,23,24,27,14,13,35,42,28,15,33,40,31,21,24,31,23,25,27,25,23,41,25
America,Turks and Caicos Islands,Emigration,0,0,0,0,0,0,0,0,1,0,0,0,0,0,1,0,0,0,0,1,0,1,0,0,0,0,0,0
America,Uruguay,Emigration,29,34,28,23,31,35,24,19,27,36,29,36,34,39,61,66,43,46,50,59,53,51,56,48,47,56,55,98
America,Venezuela,Emigration,59,120,85,111,74,111,85,108,118,172,164,169,166,169,148,211,228,239,240,217,260,265,279,298,286,272,307,357
America,United States,Emigration,2210,2782,2647,2720,2766,2659,2689,2819,2881,2625,2760,3304,3512,3180,3280,3243,3625,3683,3915,3429,3946,4073,4249,4854,4826,4993,3864,4103
Asia,Afghanistan,Emigration,19,102,51,109,195,224,282,423,710,724,1291,1419,1139,1007,897,1081,1206,1291,1224,1202,1210,916,980,869,746,420,534,535
Asia,Bahrain,Emigration,4,3,3,4,1,3,8,7,6,5,8,7,5,7,6,5,8,9,13,13,16,14,8,10,17,14,15,18
Asia,Bangladesh,Emigration,18,14,26,23,15,24,21,25,30,53,46,70,76,73,79,87,108,105,138,136,150,145,211,197,145,187,191,285
Asia,Bhutan,Emigration,3,5,15,11,2,6,9,4,11,13,14,14,23,34,30,34,34,16,45,19,26,20,24,21,24,26,13,18
Asia,Brunei,Emigration,29,39,26,18,23,28,14,15,28,24,16,27,10,34,29,20,30,29,10,18,31,38,37,14,29,24,29,11
Asia,Cambodia,Emigration,3,11,1,13,6,8,13,17,10,11,15,11,10,12,16,16,11,9,14,18,9,22,13,14,21,7,21,16
Asia,China,Emigration,573,767,689,606,633,573,609,1071,1327,1632,2001,2584,2253,1929,2363,2879,3304,3517,3652,4016,3876,4411,4506,4499,4830,5176,4193,3522
Asia,Philippines,Emigration,262,351,350,327,329,281,295,277,298,295,346,398,492,544,683,702,741,630,703,702,704,679,689,729,788,745,748,843
Asia,Gaza Strip and West Bank,Emigration,,,,,,,,,,,,,,,,,,,,,,,,,17,22,32,26
Asia,Hong-Kong,Emigration,316,258,284,245,204,183,160,158,206,152,208,314,242,258,260,252,355,295,283,290,299,357,366,376,306,283,171,180
Asia,India,Emigration,469,564,446,484,529,462,492,561,539,538,727,1109,1680,2023,2464,2526,2704,3091,3212,3251,3767,4027,4281,4998,5671,5149,4140,4057
Asia,Indonesia,Emigration,2618,2709,2387,2256,2174,2089,2067,2531,2610,2537,2921,3074,2996,2760,2281,2320,2540,2396,2348,2375,2466,2454,2480,2469,2278,1957,1698,1991
Asia,Iraq,Emigration,139,254,264,394,740,666,971,1822,1306,1353,1948,2114,1658,1297,1858,2520,2543,2588,2417,1595,1662,1399,1426,1189,1224,869,1056,917
Asia,Iran,Emigration,331,461,488,374,361,344,415,622,923,828,879,788,467,561,619,730,779,799,810,754,789,784,944,949,828,789,815,764
Asia,Israel,Emigration,313,441,295,306,276,331,253,240,356,319,449,461,473,444,381,403,489,461,388,425,460,451,445,478,370,385,400,429
Asia,Japan,Emigration,1325,1456,1308,1192,1321,1210,1199,1418,1251,1288,1231,1317,1296,1182,1468,1173,1195,1156,1227,1133,1086,1171,1248,1356,1324,1377,1098,1176
Asia,Yemen,Emigration,7,12,11,9,13,24,23,20,58,72,41,63,35,13,50,17,20,28,49,21,31,20,28,28,37,37,44,45
Asia,Jordan,Emigration,33,61,10,46,42,36,18,67,55,45,75,73,35,52,53,56,60,75,69,63,75,54,58,53,67,75,83,83
Asia,Qatar,Emigration,1,2,0,0,2,1,3,0,4,3,1,3,5,2,8,5,10,4,14,13,19,41,48,17,32,29,22,19
Asia,Kuwait,Emigration,19,30,29,48,55,64,41,135,143,150,171,152,142,80,131,97,95,89,103,83,119,82,79,91,64,55,88,89
Asia,Laos,Emigration,4,5,3,1,1,6,3,2,11,2,1,3,3,6,1,8,1,3,6,12,9,5,11,3,7,2,9,6
Asia,Lebanon,Emigration,110,140,134,121,102,129,128,145,178,160,173,134,152,154,195,184,197,160,173,169,161,130,159,170,163,131,189,174
Asia,Macau,Emigration,12,7,3,1,5,3,6,10,5,11,5,11,10,11,10,13,10,12,13,11,22,17,14,15,13,11,10,10
Asia,Maldives,Emigration,0,0,0,2,0,0,0,0,0,5,2,0,3,0,0,1,0,0,0,1,1,0,1,3,1,3,0,2
Asia,Malaysia,Emigration,137,165,172,135,105,179,134,138,129,171,177,179,174,255,221,369,276,271,269,271,262,237,253,261,296,281,214,205
Asia,Mongolia,Emigration,7,0,7,4,20,6,17,64,86,90,89,79,39,40,44,58,97,70,50,44,41,51,47,55,28,17,31,9
Asia,Myanmar,Emigration,6,5,11,10,1,8,2,8,7,21,16,17,16,17,18,18,21,29,34,35,25,34,33,41,37,43,17,27
Asia,Nepal,Emigration,16,20,30,46,58,34,79,63,41,53,79,200,168,139,90,157,171,158,168,104,162,160,171,153,152,104,124,73
Asia,North Korea,Emigration,0,0,0,0,0,0,-1,1,1,4,1,6,2,2,0,3,1,6,7,24,26,4,5,4,8,4,4,0
Asia,Oman,Emigration,11,17,8,13,18,38,36,22,38,16,34,44,40,42,56,18,20,39,31,56,49,67,86,88,97,95,58,54
Asia,Pakistan,Emigration,617,674,608,605,534,498,523,527,622,819,955,1155,1090,940,613,849,826,950,829,887,865,712,717,700,723,670,603,575
Asia,Saudi Arabia,Emigration,13,19,54,55,26,28,31,25,61,69,106,90,80,103,153,220,230,196,237,228,213,187,251,274,226,243,207,218
Asia,Singapore,Emigration,116,132,109,141,114,149,109,83,107,110,128,172,201,151,186,226,245,253,299,314,340,386,438,491,571,515,259,336
Asia,Sri Lanka,Emigration,144,251,188,216,240,264,232,269,437,464,536,564,368,290,234,273,258,269,255,204,297,250,207,160,191,150,141,128
Asia,Syria,Emigration,35,91,68,77,60,66,78,176,243,201,273,210,107,64,154,156,164,140,140,214,391,517,781,686,563,472,639,909
Asia,Taiwan,Emigration,96,96,94,136,146,173,176,153,207,200,258,387,323,347,368,380,432,411,416,339,387,428,555,550,604,732,450,428
Asia,Thailand,Emigration,142,193,181,195,170,179,246,264,276,309,352,480,423,440,432,445,423,525,537,534,539,533,510,553,539,519,424,527
Asia,Timor Leste,Emigration,,,,,,,,0,0,0,0,0,2,0,0,2,2,1,0,3,2,0,0,1,0,0,0,0
Asia,United Arab Emirates,Emigration,9,8,127,345,94,31,27,13,43,26,31,36,30,37,32,29,53,30,53,63,66,80,55,76,96,132,148,160
Asia,Vietnam,Emigration,113,113,120,121,149,165,149,212,232,302,374,451,465,340,335,414,332,367,367,350,347,388,460,504,607,611,462,507
Asia,South Korea,Emigration,189,137,166,211,165,204,255,205,270,295,354,388,467,438,528,541,666,770,838,777,976,1004,1227,1301,1308,1376,739,769
Europe,Albania,Emigration,14,16,16,19,14,25,23,38,33,68,43,49,49,27,67,98,86,100,103,109,140,143,258,203,202,221,225,225
Europe,Andorra,Emigration,0,0,1,1,0,0,0,0,1,1,1,2,1,2,2,2,1,0,0,2,5,3,2,6,7,2,8,9
Europe,Armenia,Emigration,0,2,1,4,0,1,2,13,9,13,12,2,-2,2,5,10,15,37,31,31,52,52,33,35,33,125,184,215
Europe,Azerbaijan,Emigration,0,0,0,0,3,1,1,9,27,12,10,0,-2,5,3,6,7,14,5,26,23,50,47,58,59,180,166,202
Europe,Belgium,Emigration,1616,1743,1594,1690,1647,1734,1774,1905,1931,2034,2026,1978,1919,2036,1827,1903,1989,2127,2160,2217,2136,2226,2348,2479,2514,2526,2637,2888
Europe,Bosnia and Herzegovina,Emigration,6,7,3,6,10,37,18,20,25,28,21,8,11,8,5,14,9,10,24,20,33,27,32,30,55,364,328,371
Europe,Bulgaria,Emigration,64,90,64,88,103,95,89,113,165,171,222,268,806,1562,2339,2611,2863,4308,4414,3281,2937,3029,3051,3174,3812,4406,4737,5458
Europe,Cyprus,Emigration,20,19,20,12,23,12,10,22,21,31,37,26,31,42,46,49,50,73,98,110,101,130,139,171,201,252,195,220
Europe,Denmark,Emigration,308,283,312,310,302,378,349,346,325,368,354,314,397,401,382,359,401,436,461,406,470,479,530,598,590,632,472,615
Europe,Germany,Emigration,5090,6095,5212,5188,5014,4906,4865,5438,5246,5602,5468,5951,5671,5813,6351,6932,8141,8958,8762,8999,8351,8646,8816,8996,9168,9088,8349,8865
Europe,Estonia,Emigration,5,8,14,10,3,18,10,13,18,28,47,65,35,45,58,128,177,247,180,194,181,185,144,198,184,314,242,232
Europe,Faroe Islands,Emigration,0,0,1,0,0,0,0,0,0,1,1,0,0,0,0,0,1,1,0,0,1,0,0,2,2,4,1,3
Europe,Federal Republic of Yugoslavia,Emigration,0,1,1,0,12,39,24,58,8,,,,,,,,,,,,,,,,,,,
Europe,Finland,Emigration,254,271,306,332,400,382,372,363,361,380,369,425,380,356,434,437,540,636,581,623,596,726,829,886,925,968,637,719
Europe,France,Emigration,1171,1338,1259,1347,1339,1429,1473,1777,1752,1848,1647,2053,1844,1835,2184,2406,2625,2906,2810,2739,2951,2885,3395,3900,3822,3659,3415,4011
Europe,Georgia,Emigration,1,3,3,0,0,4,2,7,3,3,3,7,2,2,5,20,21,25,26,15,32,37,39,60,58,248,193,237
Europe,Gibraltar,Emigration,0,4,0,0,0,0,4,3,4,0,4,1,6,2,2,1,4,1,0,3,6,0,0,4,4,4,1,1
Europe,Greece,Emigration,569,596,440,563,450,465,484,595,614,696,668,826,691,812,928,941,1085,1435,1853,1897,1758,1720,1782,2018,2073,2679,2414,2720
Europe,Hungary,Emigration,186,237,255,297,399,291,350,329,382,517,415,552,523,697,985,1220,1493,1731,1969,2019,2032,2069,2258,1905,2153,2135,1986,2174
Europe,Ireland,Emigration,583,794,586,714,470,421,411,470,393,481,412,481,398,380,405,466,471,535,523,528,548,652,698,772,820,949,953,1035
Europe,Iceland,Emigration,50,44,32,47,49,51,69,50,62,65,99,69,74,98,79,75,94,107,113,67,79,104,118,115,108,133,106,75
Europe,Italy,Emigration,876,1114,920,995,1051,983,1042,1207,1317,1262,1167,1414,1251,1292,1592,1750,2031,2357,2479,2783,3102,3319,3967,4409,4635,5194,4524,5336
Europe,Yugoslavia (old),Emigration,988,1326,1257,886,1004,1331,1259,1658,2064,2036,1765,1700,1283,1185,1168,1429,1445,1610,1659,1789,1615,1520,1411,1358,1215,0,0,0
Europe,Channel Islands,Emigration,1,4,0,4,0,0,1,0,0,1,2,3,1,4,-1,4,8,3,4,1,3,15,6,14,17,8,8,10
Europe,Kazakhstan,Emigration,0,1,1,1,0,0,1,6,4,9,14,4,10,2,5,16,13,20,21,27,33,48,64,89,69,227,182,246
Europe,Kyrgyzstan,Emigration,0,0,0,0,0,0,2,0,3,4,4,3,6,-1,0,1,0,1,6,6,7,19,8,13,13,34,29,36
Europe,Kosovo,Emigration,,,,,,,,,,,,,,0,0,0,0,1,0,0,1,1,3,3,5,119,108,122
Europe,Croatia,Emigration,1,3,6,3,4,9,1,2,5,8,12,5,6,10,1,6,7,18,9,23,37,63,115,111,186,506,514,652
Europe,Latvia,Emigration,4,12,10,18,13,16,20,18,19,33,55,63,68,81,129,234,396,653,684,781,772,770,660,872,883,990,998,1035
Europe,Liechtenstein,Emigration,0,0,0,0,1,1,0,1,0,1,1,2,0,0,1,1,1,3,0,1,3,3,2,6,2,3,3,4
Europe,Lithuania,Emigration,8,12,19,19,22,30,37,31,35,43,104,149,133,166,210,292,447,658,859,827,700,731,746,832,1039,1247,1061,1178
Europe,Luxembourg,Emigration,16,12,18,30,24,17,30,32,17,29,30,35,44,46,40,49,57,65,52,72,75,103,143,171,219,253,269,260
Europe,Macedonia,Emigration,0,2,1,1,2,0,2,1,4,6,8,-2,-1,3,1,4,3,7,12,13,10,12,45,29,,,,
Europe,Malta,Emigration,14,21,14,11,17,20,5,26,17,16,35,18,19,17,26,22,36,36,37,40,44,39,39,45,47,47,50,64
Europe,man,Emigration,0,0,0,0,0,0,0,1,1,1,0,0,0,1,1,0,0,0,1,5,0,2,3,4,2,0,4,1
Europe,Moldavia,Emigration,0,1,1,0,0,0,0,1,0,1,2,1,0,0,5,2,9,7,11,17,37,46,79,160,271,682,664,822
Europe,Monaco,Emigration,2,0,3,2,1,0,2,-1,0,0,0,3,3,2,5,4,7,8,6,5,5,9,12,13,8,4,7,20
Europe,Montenegro,Emigration,,,,,,,,,,,,0,0,0,0,1,0,0,1,0,1,0,0,0,0,35,49,37
Europe,Norway,Emigration,217,232,224,306,206,246,257,328,331,332,355,399,320,294,275,324,350,442,373,416,439,451,477,500,487,484,368,486
Europe,Ukraine,Emigration,0,1,2,2,5,4,6,12,19,18,17,14,13,12,12,15,27,40,30,77,99,172,279,283,324,746,752,17063
Europe,Uzbekistan,Emigration,0,0,0,0,2,0,2,1,6,10,5,3,1,2,2,1,1,3,11,9,5,14,12,17,16,51,69,112
Europe,Austria,Emigration,244,240,218,266,272,297,301,327,294,357,324,352,391,389,419,412,463,482,535,582,563,582,601,665,663,758,630,692
Europe,Poland,Emigration,513,694,730,810,749,801,843,908,1117,1335,1811,3180,3638,5307,6458,6565,7618,10542,11166,12357,14011,14856,15332,16437,17910,17637,16543,17435
Europe,Portugal,Emigration,419,556,459,375,407,504,504,680,743,894,896,1192,1022,1066,1197,1509,1339,1450,1514,1536,1459,1491,1605,1591,1731,1620,1486,2120
Europe,Republic of North Macedonia,Emigration,,,,,,,,,,,,,,,,,,,,,,,,,38,163,150,157
Europe,Romania,Emigration,173,231,143,144,178,188,180,239,277,417,386,417,691,1147,1336,1486,1960,2109,2061,2572,2675,2895,3592,4366,5708,6101,6324,6804
Europe,Russia,Emigration,2,7,6,6,7,8,19,50,64,51,54,28,46,30,44,33,67,124,166,168,255,339,410,452,523,1310,1308,1574
Europe,Russia (old),Emigration,6,8,3,3,0,2,2,3,1,8,2,1,3,3,1,0,0,0,0,2,0,0,0,0,0,0,0,0
Europe,San Marino,Emigration,0,0,0,1,0,0,0,0,0,0,0,0,0,0,0,0,0,0,0,0,2,1,0,1,2,0,0,1
Europe,Serbia,Emigration,,,,,,,,,,,,0,1,4,1,0,7,5,9,15,12,20,17,17,7,331,355,354
Europe,Serbia and Montenegro,Emigration,,,,,,,,,66,76,43,16,5,9,8,17,17,10,9,27,26,28,56,44,79,0,0,0
Europe,Slovenia,Emigration,0,2,1,0,2,2,2,2,1,3,2,1,5,4,4,12,11,20,27,43,93,80,127,122,168,234,154,249
Europe,Slovakia,Emigration,0,1,3,0,3,2,18,25,12,20,12,16,18,17,33,18,33,37,57,75,122,221,257,419,538,1128,1111,1243
Europe,Soviet Union (old),Emigration,286,541,519,575,449,619,652,1060,1558,1408,1664,1705,1368,1342,1521,1609,1867,2169,2266,1890,2021,1938,1923,2028,1990,0,0,0
Europe,Spanje,Emigration,926,1021,1041,1043,1158,1211,1176,1447,1455,1663,1610,1858,1549,1528,1789,1889,2463,2764,2985,3243,3167,3325,3422,3690,4250,4012,3783,5076
Europe,Tadzjikistan,Emigration,0,1,0,0,0,0,0,0,0,2,1,2,0,4,1,1,-1,3,0,1,1,3,12,5,12,14,15,21
Europe,Tsjechië,Emigration,2,1,4,9,10,7,7,13,18,5,15,28,18,23,23,42,71,68,77,125,124,196,229,270,352,760,637,699
Europe,Tsjecho-Slowakije (oud),Emigration,190,237,214,287,300,245,298,483,359,506,567,775,765,984,1133,1044,1408,1430,1286,1184,1228,1084,1037,1065,1045,0,0,0
Europe,Turkije,Emigration,3791,5073,3434,2757,2467,1729,1757,2167,2811,3633,4038,4930,4591,4189,3892,4767,5216,6411,7302,8392,7384,6166,5949,5364,5113,4620,4407,4391
Europe,Turkmenistan,Emigration,0,0,0,0,0,0,0,0,0,0,0,0,0,1,0,0,0,0,0,0,0,2,2,2,4,12,4,39
Europe,Vaticaanstad,Emigration,0,0,0,0,0,0,0,0,0,0,0,0,0,0,0,0,0,0,0,0,0,0,0,0,0,0,0,0
Europe,Verenigd Koninkrijk,Emigration,4826,5360,4171,4427,4123,3761,3466,4144,4317,4434,4155,4574,4086,3683,3770,4092,4012,4134,4083,4308,4139,4546,4769,4771,4924,4795,4359,4169
Europe,Belarus,Emigration,0,0,0,1,1,0,0,3,5,5,8,5,5,3,3,6,6,11,16,21,22,31,23,40,38,87,123,156
Europe,Zweden,Emigration,410,459,453,409,518,500,480,522,406,480,434,494,491,545,486,599,639,761,713,691,685,733,767,847,840,847,666,828
Europe,Zwitserland,Emigration,293,333,264,276,245,331,311,324,280,275,327,343,338,353,333,385,443,521,519,518,499,562,624,683,762,657,561,771
Africa,Algeria,Emigration,115,150,166,138,143,152,161,227,236,223,288,245,199,114,159,161,186,176,211,152,139,133,149,128,136,114,102,119
Africa,Angola,Emigration,52,172,167,125,84,97,90,247,951,1316,1529,1405,779,536,490,508,475,542,447,417,340,250,265,202,203,151,122,175
Africa,Benin,Emigration,8,13,10,9,3,7,6,12,15,26,39,44,18,14,16,33,12,32,27,20,23,17,16,21,18,18,14,11
Africa,Botswana,Emigration,9,7,9,14,13,8,13,8,12,8,17,4,12,13,12,15,4,7,5,9,6,15,20,10,8,10,8,16
Africa,British Indian Ocean Territory,Emigration,-1,0,1,0,0,0,0,0,0,0,0,0,0,0,1,0,0,0,0,0,0,0,1,0,0,1,0,0
Africa,Burkina Faso,Emigration,17,22,18,11,9,8,12,11,16,9,17,24,15,24,24,18,20,24,13,3,20,19,18,14,19,6,12,6
Africa,Burundi,Emigration,13,15,4,8,8,17,4,21,80,76,123,113,127,123,133,224,230,214,148,152,133,171,81,110,101,57,86,53
Africa,Central-African Republic,Emigration,0,4,0,0,2,3,5,2,0,2,0,5,4,0,1,4,5,4,3,2,4,4,2,6,3,5,1,3
Africa,Comoros,Emigration,1,3,2,3,0,2,1,0,6,4,1,6,0,0,1,1,1,1,0,3,1,1,0,4,0,2,0,1
Africa,Congo,Emigration,24,60,37,26,14,19,37,98,122,131,137,139,75,62,44,92,106,92,95,67,76,54,72,35,69,34,36,16
Africa,Congo (Democratic Republic),Emigration,215,453,234,155,110,108,159,335,530,646,731,767,445,299,327,337,335,343,299,300,263,281,241,230,261,200,200,209
Africa,Djibouti,Emigration,0,3,7,8,8,7,13,17,18,21,18,6,10,6,15,7,7,1,15,5,-1,2,4,3,8,3,5,9
Africa,Egypt,Emigration,392,682,570,441,382,350,250,300,402,506,521,653,636,609,598,656,802,737,760,671,635,642,548,564,515,546,521,520
Africa,Equatorial Guinea,Emigration,1,1,4,0,0,1,2,3,1,6,3,3,8,1,6,4,15,7,3,6,6,4,7,3,2,5,1,4
Africa,Eritrea,Emigration,3,6,4,7,5,13,10,28,37,38,38,38,26,35,31,77,65,65,60,48,53,78,100,124,118,81,113,128
Africa,eswatini,Emigration,,,,,,,,,,,,,,,,,,,,,,,,,8,1,8,5
Africa,Ethiopia,Emigration,203,246,324,262,248,308,334,381,440,469,438,446,409,381,294,488,384,409,467,381,374,405,418,319,280,239,186,307
Africa,Gabon,Emigration,4,2,7,6,8,8,4,12,9,7,8,11,8,14,5,11,8,3,7,13,12,7,10,6,8,3,3,7
Africa,Gambia,Emigration,9,12,12,19,11,8,12,19,16,21,13,35,24,39,18,25,23,39,52,20,42,37,36,36,34,33,68,83
Africa,Ghana,Emigration,492,538,328,302,339,286,276,270,413,522,865,1227,1021,821,601,763,784,708,740,667,674,656,618,555,424,374,328,414
Africa,Guinea,Emigration,25,16,20,7,13,21,30,114,261,340,440,437,140,84,156,225,245,258,209,229,211,143,244,180,140,105,178,102
Africa,Guinea-Bissau,Emigration,12,10,8,9,8,17,7,9,17,15,19,10,14,9,24,21,22,34,20,27,15,23,17,15,15,12,18,13
Africa,Ivory Coast,Emigration,10,34,14,6,9,18,23,26,60,62,69,42,46,49,50,56,67,102,133,99,106,102,66,72,57,67,64,41
Africa,Cape Verde,Emigration,259,265,192,169,199,151,91,189,238,159,253,315,233,226,140,189,159,312,206,158,135,185,207,105,150,99,101,113
Africa,Cameroon,Emigration,29,38,55,46,31,30,34,69,137,195,225,192,173,137,138,146,197,156,202,142,109,135,110,100,77,78,111,101
Africa,Kenya,Emigration,75,103,89,82,113,102,112,97,100,140,109,140,203,156,142,175,193,179,221,174,208,208,206,194,229,170,144,172
Africa,Lesotho,Emigration,2,6,1,3,4,1,2,12,4,3,5,3,7,1,3,3,4,8,8,2,6,6,3,10,9,6,-1,2
Africa,Liberia,Emigration,17,39,48,71,67,71,87,95,119,144,211,266,171,136,107,111,121,119,97,123,127,88,90,99,50,52,61,54
Africa,Libya,Emigration,32,21,20,36,28,44,22,36,41,56,59,67,48,59,25,62,89,124,108,110,83,98,70,63,39,49,81,40
Africa,Madagascar,Emigration,8,8,9,4,10,5,7,4,6,2,7,5,12,14,3,3,10,15,22,5,8,14,12,8,9,11,8,9
Africa,Malawi,Emigration,1,13,16,17,12,8,12,11,14,7,10,12,10,19,7,24,12,16,16,14,18,7,17,16,14,13,8,22
Africa,Mali,Emigration,9,8,9,4,6,6,7,6,11,15,15,19,17,5,13,8,9,12,9,17,4,15,9,6,8,10,12,10
Africa,Morocco,Emigration,2667,2984,2252,1806,1908,1600,1549,1970,2313,2460,3246,4026,4100,3820,2730,3016,2987,3489,2744,3210,2993,2736,2599,2391,2187,1515,1459,2087
Africa,Mauritania,Emigration,7,13,7,12,8,13,20,22,38,38,33,35,23,5,14,18,12,19,23,18,14,17,4,7,12,7,7,6
Africa,Mauritius,Emigration,14,5,15,13,8,7,13,17,10,11,22,15,18,15,21,19,16,18,23,18,17,26,22,23,29,18,18,32
Africa,Mayotte,Emigration,0,0,1,0,0,0,0,0,1,1,4,1,2,6,1,-1,0,1,1,3,-1,0,0,0,2,0,0,1
Africa,Mozambique,Emigration,20,24,35,35,31,19,32,36,45,32,32,42,43,36,29,54,42,39,52,31,49,47,34,35,28,43,26,39
Africa,Namibia,Emigration,8,9,8,26,24,12,26,17,16,15,18,29,31,15,32,32,21,31,22,30,35,22,15,31,48,53,53,53
Africa,Niger,Emigration,4,10,3,5,3,0,2,9,31,65,78,58,16,2,12,23,31,32,16,21,20,8,22,4,9,13,7,10
Africa,Nigeria,Emigration,259,276,264,272,203,206,264,279,298,412,488,443,422,399,415,507,521,611,603,631,604,613,585,441,456,392,573,618
Africa,Reunion,Emigration,2,5,3,5,2,3,4,3,3,3,7,2,4,0,1,1,2,5,2,3,3,0,5,2,5,5,1,4
Africa,Rwanda,Emigration,37,11,8,5,12,11,19,41,82,62,101,102,97,55,83,80,95,77,94,88,81,102,47,69,75,56,45,47
Africa,Sao Tome and Principe,Emigration,3,3,5,2,2,4,1,2,8,5,7,8,6,-2,5,0,11,12,4,6,11,1,9,4,6,2,0,13
Africa,Senegal,Emigration,22,44,27,34,26,37,14,40,46,32,47,57,42,58,38,62,41,52,48,74,24,66,52,36,40,58,39,37
Africa,Seychelles,Emigration,1,7,2,2,2,1,1,3,1,2,2,5,0,1,2,1,7,4,4,3,1,5,4,4,3,4,4,5
Africa,Sierra Leone,Emigration,16,28,13,20,20,32,54,121,339,422,600,509,389,247,411,335,364,322,332,358,377,350,304,224,122,91,121,131
Africa,Saint Helena,Emigration,0,0,0,0,0,0,0,0,0,0,0,0,0,0,0,0,0,0,0,0,1,0,0,0,0,0,0,0
Africa,Sudan,Emigration,18,55,45,49,79,142,192,355,645,769,790,657,517,316,381,523,395,483,368,386,365,254,254,221,142,185,162,135
Africa,Somalia,Emigration,433,655,875,965,1617,2577,3716,3663,4070,4492,3038,2372,1467,1027,918,1206,1102,1285,1280,1342,1846,2009,1588,1666,1440,1049,1225,955
Africa,Swaziland,Emigration,5,1,9,2,4,1,8,11,4,3,4,7,10,5,5,3,1,7,5,2,6,2,4,3,,,,
Africa,Tanzania,Emigration,52,81,57,84,94,40,113,80,89,94,92,121,151,108,114,172,136,91,189,91,117,156,97,110,86,79,61,71
Africa,Togo,Emigration,23,23,23,11,19,22,22,52,112,136,167,140,99,22,46,55,66,53,54,57,48,62,36,43,48,21,31,46
Africa,Chad,Emigration,2,2,4,2,2,1,0,11,10,14,9,8,8,-1,4,8,5,8,9,3,3,5,5,5,0,9,4,5
Africa,Tunisia,Emigration,154,224,174,172,160,117,94,145,161,152,176,198,180,152,172,180,228,162,226,237,202,175,162,172,137,155,141,163
Africa,Uganda,Emigration,55,50,60,67,59,46,84,74,63,103,74,87,180,105,98,164,146,116,138,109,110,119,113,97,122,122,120,117
Africa,Zambia,Emigration,56,61,60,59,60,29,79,52,65,66,62,53,116,67,58,56,67,59,74,58,76,74,52,44,45,49,36,51
Africa,Zimbabwe,Emigration,50,57,56,59,55,51,63,73,51,68,58,66,72,72,72,120,121,120,147,126,109,124,82,95,122,131,120,104
Africa,South Africa,Emigration,501,643,642,794,780,668,712,790,919,862,864,878,844,913,902,944,931,985,917,869,881,998,1016,1017,1113,1100,1119,1259
Africa,Southern Sudan,Emigration,,,,,,,,,,,,,,,,,0,0,0,0,0,0,0,0,0,1,0,0
Oceania,American Samoa,Emigration,0,0,1,0,0,0,0,0,0,0,1,0,0,0,0,0,0,0,0,0,0,2,0,0,0,0,1,0
Oceania,Antarctica,Emigration,0,0,0,0,0,0,0,0,0,0,0,0,0,0,0,0,0,0,0,0,0,0,0,0,0,0,0,0
Oceania,Australia,Emigration,427,626,504,454,601,576,645,765,809,827,953,944,971,1042,973,939,1060,1063,1006,990,955,1120,1290,1366,1327,1356,855,862
Oceania,Cook Islands,Emigration,0,0,0,0,0,0,4,0,0,0,0,0,0,0,0,0,0,0,0,0,0,1,1,1,0,0,2,0
Oceania,Fiji,Emigration,5,7,9,5,10,4,0,9,5,-4,12,5,7,8,6,5,8,6,10,6,8,7,-1,6,4,3,7,4
Oceania,French Polynesia,Emigration,1,0,0,0,0,5,1,2,0,0,2,1,4,1,0,0,0,3,7,1,3,3,6,4,4,3,5,3
Oceania,Guam,Emigration,0,1,0,0,0,1,0,0,0,1,1,0,0,0,0,0,0,0,0,1,0,0,0,1,0,0,0,0
Oceania,Kiribati,Emigration,1,0,1,0,0,0,0,0,0,0,0,2,2,0,0,0,0,0,0,1,0,2,0,0,0,0,0,0
Oceania,Marshall Islands,Emigration,0,0,0,0,0,0,0,0,0,1,0,0,0,0,0,0,0,0,0,0,1,0,0,0,0,0,0,0
Oceania,Micronesia,Emigration,0,0,0,0,0,0,0,0,0,0,0,1,0,0,0,0,0,0,0,0,0,0,1,1,1,1,0,0
Oceania,Nauru,Emigration,0,0,0,0,0,0,0,0,0,0,0,0,0,0,0,0,0,0,0,0,0,3,0,0,0,0,0,1
Oceania,New Caledonia,Emigration,1,4,0,1,3,1,0,0,1,2,0,2,1,3,1,2,1,4,4,0,0,1,3,5,5,2,2,5
Oceania,New Zealand,Emigration,232,253,206,221,187,246,214,302,297,265,278,356,358,316,319,345,343,298,343,347,336,377,407,413,442,396,326,285
Oceania,Niue,Emigration,0,0,0,0,0,0,0,0,0,0,0,0,0,0,0,0,0,0,0,0,0,0,0,0,0,0,0,0
Oceania,Northern Mariana Islands,Emigration,0,0,0,0,0,0,1,0,0,0,0,0,0,0,0,0,0,0,0,0,0,0,0,0,0,0,0,0
Oceania,Norfolk,Emigration,0,0,0,0,0,0,0,0,0,0,0,0,0,0,0,0,0,0,0,0,0,0,0,0,0,0,0,0
Oceania,Palau,Emigration,2,1,0,0,0,0,0,0,0,0,0,0,0,0,0,0,0,0,0,1,0,0,0,0,0,1,0,0
Oceania,Papua New Guinea,Emigration,6,4,7,8,5,3,11,3,9,9,13,11,17,8,4,8,2,11,0,7,3,7,7,6,4,8,5,1
Oceania,Pitcairn Islands,Emigration,0,0,0,0,0,0,0,0,0,0,0,0,0,0,0,0,0,0,0,0,0,0,0,0,0,0,0,0
Oceania,Solomon Islands,Emigration,1,3,0,1,6,1,0,0,0,0,0,0,0,0,0,1,0,-1,1,0,1,1,1,1,1,0,0,1
Oceania,Samoa,Emigration,1,1,1,2,1,0,1,3,-1,1,0,4,3,1,0,1,3,3,-1,0,5,3,0,1,0,3,1,1
Oceania,Tokelau,Emigration,0,0,0,0,0,0,0,0,0,0,0,0,0,0,0,0,0,0,0,0,0,0,0,0,0,0,0,0
Oceania,Tonga,Emigration,0,6,0,1,2,0,4,0,0,0,1,1,0,5,0,0,0,0,0,0,1,0,0,2,0,1,2,0
Oceania,Tuvalu,Emigration,0,0,0,0,0,0,0,0,0,0,0,0,0,0,0,0,0,0,0,1,0,0,0,0,0,0,0,0
Oceania,Vanuatu,Emigration,1,1,0,0,0,1,1,0,0,0,0,0,1,0,1,2,1,2,0,0,0,1,1,0,0,1,2,0
Oceania,Far Islands of the US,Emigration,0,0,0,0,0,0,0,0,0,0,0,0,0,0,0,0,0,0,0,0,0,0,0,0,0,0,0,0
Oceania,Wallis and Futuna,Emigration,0,0,0,0,0,0,0,0,0,0,0,0,0,0,1,0,0,0,0,0,0,0,0,0,0,0,0,0
America,American virgin islands,Balance,1,0,0,2,-2,0,0,0,-2,0,0,0,-1,0,0,0,-1,2,0,0,2,0,2,-1,6,-1,4,-2
America,Anguilla,Balance,-2,1,4,1,2,2,1,2,5,-3,-4,-1,3,-1,0,4,-1,-1,0,-1,-3,2,1,0,1,1,1,2
America,Antigua and Barbuda,Balance,2,2,-1,3,1,0,-1,5,2,-2,2,-2,1,0,-2,2,4,3,-4,-1,2,0,2,2,0,0,1,2
America,Argentina,Balance,-6,9,36,47,12,116,171,207,124,41,-45,-74,-38,76,106,36,15,87,108,141,149,150,258,414,567,346,735,737
America,Aruba,Balance,19,42,59,79,126,177,186,153,21,20,-37,127,205,276,328,454,402,241,205,281,168,228,334,279,420,782,1014,723
America,Bahamas,Balance,-1,-3,7,2,-6,-2,5,-7,3,4,-5,3,-1,0,0,-2,3,-5,6,-2,3,0,1,-1,7,11,3,-2
America,Barbados,Balance,5,1,4,-2,3,6,-3,-4,2,3,-1,-3,-2,0,-1,-4,11,-1,4,2,7,6,1,8,1,-5,4,12
America,Belize,Balance,-1,-1,3,1,-2,4,1,0,2,-1,-1,-1,2,2,2,-4,-2,0,0,0,1,4,0,4,3,1,-3,5
America,Bermuda,Balance,0,-1,1,-3,0,0,0,2,0,-1,-1,1,-1,6,3,0,-3,7,0,2,-2,6,0,6,6,0,3,-3
America,Bolivia,Balance,11,13,20,30,30,18,35,30,39,25,10,31,23,48,26,11,23,-3,31,36,18,12,43,46,70,11,45,80
America,Brazil,Balance,232,339,393,500,387,439,490,401,486,338,459,512,487,789,583,630,522,396,637,546,1169,554,1736,2541,2655,1319,2140,2686
America,British Virginislands,Balance,0,-1,0,0,0,0,0,1,0,-1,0,0,1,2,0,-2,1,-1,0,0,1,0,0,0,2,-1,-1,1
America,Canada,Balance,20,165,176,148,129,208,243,72,-40,-7,-1,-95,20,190,-15,129,4,171,-16,169,197,173,168,240,222,-112,125,516
America,Caribbean Netherlands,Balance,,,,,,,,,,,,,,,,0,0,5,7,3,6,9,17,17,15,35,76,75
America,Cayman Islands,Balance,0,0,2,1,-2,2,0,1,0,4,-2,1,2,-2,0,0,0,2,0,0,2,-1,1,3,2,3,1,-1
America,Chili,Balance,-39,-44,2,62,54,38,55,21,37,50,123,-40,-120,-9,-10,50,80,65,5,25,71,150,128,169,181,58,235,207
America,Colombia,Balance,173,410,449,494,341,509,530,452,360,315,169,22,84,244,364,329,191,168,323,177,169,329,383,593,852,512,868,820
America,Costa Rica,Balance,8,33,26,45,25,27,22,30,20,26,12,7,-8,9,16,29,43,18,-19,42,14,25,53,82,65,57,79,108
America,Cuba,Balance,43,45,123,105,75,95,58,95,71,44,48,25,20,7,57,56,17,1,26,20,-1,-16,38,109,118,84,85,81
America,Curacao,Balance,,,,,,,,,,,,,,,,0,0,66,50,77,132,137,215,296,421,2424,2553,2561
America,Dominica,Balance,1,4,2,9,9,8,8,7,11,0,-7,-1,-3,5,-4,4,2,3,-3,5,-4,4,10,4,1,-2,6,2
America,Dominican Republic,Balance,20,237,260,447,342,447,409,250,90,47,39,-68,110,132,295,301,236,22,96,160,85,92,185,286,374,340,326,301
America,Ecuador,Balance,71,92,109,142,58,121,96,114,114,87,82,57,32,69,69,88,64,87,66,102,124,73,92,188,136,88,186,210
America,El Salvador,Balance,-4,-4,8,22,-4,6,13,10,6,5,3,6,-1,13,6,11,3,8,2,14,19,1,23,49,61,12,65,49
America,Falkland Islands,Balance,-1,0,0,0,0,0,0,0,0,1,-1,0,0,0,1,0,0,0,0,0,0,0,0,0,0,0,0,0
America,French Guyana,Balance,10,18,7,5,4,29,54,36,22,28,2,-62,-18,-11,40,15,-1,6,-7,-12,-10,12,-7,14,12,15,13,22
America,Grenada,Balance,-1,1,0,5,-1,2,4,0,0,4,1,-1,-1,2,2,1,3,1,-2,0,-1,2,0,2,1,-1,2,2
America,Greenland,Balance,-2,0,-1,1,-3,-1,-1,1,0,-1,0,0,-1,0,3,0,0,0,0,-4,2,1,-2,0,2,3,2,-3
America,Guadeloupe,Balance,-8,-8,7,-4,5,22,2,22,2,6,-11,-14,-13,3,-5,-1,-3,12,0,2,4,7,16,28,29,15,27,21
America,Guatemala,Balance,12,8,17,32,32,65,74,24,25,23,20,2,14,14,10,20,8,39,34,6,16,12,36,66,76,2,41,58
America,Guyana,Balance,-10,35,16,54,58,28,19,28,29,9,-33,-14,-40,1,-9,22,-15,1,-4,-22,-3,-7,5,5,24,34,38,12
America,Haiti,Balance,15,29,12,41,71,69,95,90,97,67,50,39,20,78,70,108,2,2,-9,29,10,24,25,22,33,29,20,13
America,Honduras,Balance,14,16,13,11,2,18,11,18,15,2,14,10,-6,4,23,24,13,9,11,25,12,17,25,29,35,25,42,29
America,Jamaica,Balance,-8,5,17,43,38,48,-3,31,0,0,-25,-38,-8,-4,32,28,24,28,23,12,56,55,38,36,61,34,28,41
America,Martinique,Balance,-2,0,5,-4,6,2,-6,2,3,3,3,-7,-2,3,-8,0,3,7,-3,2,-6,-2,4,4,10,-8,5,9
America,Mexico,Balance,31,57,87,112,126,125,124,196,149,102,65,81,135,195,166,206,201,181,184,188,321,320,399,541,490,361,613,733
America,Montserrat,Balance,0,1,-1,1,0,1,0,0,0,1,1,0,-1,2,0,-1,1,-1,1,0,0,-2,1,1,0,2,-2,-1
America,Netherlands Antilles (old),Balance,-1148,197,1575,5208,6020,7615,5173,1775,-1017,-2533,-3021,-2141,-695,312,937,718,233,-712,-874,-337,-84,230,1283,1796,2423,0,0,0
America,Nicaragua,Balance,0,5,1,20,-5,1,10,22,23,1,12,10,-3,20,22,13,23,18,11,23,18,14,18,52,63,42,42,18
America,Panama,Balance,8,7,-1,5,6,8,-3,9,4,17,10,16,-7,-8,-2,5,10,10,16,-2,4,17,18,30,33,28,41,62
America,Paraguay,Balance,5,8,-6,5,4,-2,8,0,6,0,-3,-2,-4,9,3,0,8,3,13,4,7,-5,10,3,24,6,34,27
America,Peru,Balance,23,58,72,105,72,118,175,174,180,145,134,133,77,142,141,146,118,60,-3,121,110,104,164,286,289,198,385,471
America,Puerto Rico,Balance,0,2,-1,2,-7,2,0,9,-2,-3,4,4,-6,-4,0,7,4,11,-5,7,6,7,15,-3,22,-14,-5,16
America,Saint Kitts and Nevis,Balance,2,0,3,4,9,10,5,7,6,0,-6,0,1,3,0,-3,3,0,-3,-5,-5,1,6,3,0,2,2,1
America,Saint Pierre and Miquelon,Balance,0,0,0,0,0,0,0,0,0,0,0,0,0,0,0,0,0,0,0,0,0,0,0,0,0,0,0,0
America,Saint Vincent and the Grenadines,Balance,0,3,-1,3,2,2,7,5,-3,0,0,1,0,2,0,2,1,-1,5,-1,-1,2,0,1,7,-4,1,2
America,Saint Lucia,Balance,0,2,3,5,6,-1,10,1,-3,0,1,-9,-7,-1,10,3,-3,-4,8,5,2,0,-2,7,9,0,6,-4
America,Sint Maarten (Dutch part),Balance,,,,,,,,,,,,,,,,0,0,3,2,6,4,15,55,12,23,189,217,196
America,Suriname,Balance,411,1004,947,2714,1404,2245,2360,1427,1056,644,-671,-1495,-590,67,760,221,-22,-980,-920,-972,-642,66,988,1672,2043,1963,1765,1696
America,Trinidad and Tobago,Balance,5,-9,28,17,-3,28,9,10,1,4,10,-16,-17,6,14,-8,2,-2,1,25,17,28,45,43,57,17,7,32
America,Turks and Caicos Islands,Balance,0,0,0,0,0,0,0,1,0,0,0,0,2,0,-1,0,0,0,0,-1,1,-1,0,0,0,0,1,0
America,Uruguay,Balance,-3,-1,14,11,-4,2,22,15,20,-14,0,1,12,14,-21,-28,16,6,18,9,8,18,2,45,105,38,70,95
America,Venezuela,Balance,60,56,122,92,157,151,213,152,150,39,40,27,48,127,152,118,86,137,74,175,154,159,279,434,576,403,580,578
America,United States,Balance,196,326,487,678,679,852,531,330,-109,-128,-108,9,-69,562,133,456,487,474,51,853,1158,1142,1931,1697,1962,163,1381,2342
Asia,Afghanistan,Balance,1476,2765,3635,3880,5402,4471,4272,2444,1152,154,-507,-756,-601,-364,241,628,613,98,92,-244,-187,1589,288,471,370,596,2203,3231
Asia,Bahrain,Balance,1,0,0,1,9,6,1,0,-2,4,-6,-2,1,3,-1,1,13,4,-6,7,6,14,24,31,14,13,21,18
Asia,Bangladesh,Balance,31,46,41,31,46,44,50,68,27,-8,13,9,-28,18,37,39,19,29,41,26,49,170,128,56,164,210,561,737
Asia,Bhutan,Balance,18,6,-5,-7,3,4,8,9,5,1,18,12,12,22,80,81,62,4,-20,-6,-7,-7,-13,2,-12,-23,-2,-7
Asia,Brunei,Balance,-10,-12,12,4,14,-10,15,18,-13,-8,9,-8,12,-12,-15,-1,-5,-9,38,8,-8,-12,-13,12,3,-8,-6,9
Asia,Cambodia,Balance,8,-2,16,3,1,19,34,28,19,12,-4,7,20,12,6,8,6,16,10,16,21,3,19,27,31,19,28,17
Asia,China,Balance,927,799,1147,1386,1295,2149,3114,2926,2753,1918,1225,519,1488,2821,2428,1979,2573,1976,1418,1116,1792,1565,2233,2662,3079,-407,2188,3003
Asia,Philippines,Balance,329,352,325,304,233,370,392,434,357,272,261,261,242,577,427,379,252,373,435,418,421,553,758,827,896,630,913,1028
Asia,Gaza Strip and West Bank,Balance,,,,,,,,,,,,,,,,,,,,,,,,,70,73,69,76
Asia,Hong-Kong,Balance,-82,-53,-86,-78,-18,-14,16,25,-53,5,-46,-107,-42,-53,-63,-1,-122,-75,-22,-21,45,21,30,-39,27,-73,23,-23
Asia,India,Balance,132,143,385,534,334,337,341,192,210,148,604,1027,983,1579,788,836,1285,1067,1462,2040,2623,3528,4640,5886,6905,1077,5888,10759
Asia,Indonesia,Balance,-591,-591,-130,600,444,652,767,154,-180,-360,-883,-920,-704,-334,-24,45,-43,-194,38,109,71,483,280,362,533,268,1000,1028
Asia,Iraq,Balance,2869,4434,5899,7037,2715,3881,2215,-242,46,-147,-857,-800,664,2930,2013,-189,-438,-538,-417,210,161,2328,883,941,685,644,615,874
Asia,Iran,Balance,2330,2386,1214,782,800,1417,1792,832,13,-143,-289,-91,394,477,689,768,1097,758,780,457,501,1894,1078,1403,2900,1339,1821,2801
Asia,Israel,Balance,-59,-70,77,98,120,109,227,396,217,100,-63,-90,-109,-6,-2,-83,-94,-39,52,81,199,137,199,248,354,101,269,357
Asia,Japan,Balance,-25,-67,-14,30,-16,95,112,-87,7,-37,-62,-120,-101,37,-381,-114,-37,-13,-159,27,183,387,172,184,439,-304,323,574
Asia,Yemen,Balance,30,55,25,48,32,47,50,43,-31,-50,-20,-43,-13,12,-16,35,24,7,3,45,60,98,150,273,665,622,875,1379
Asia,Jordan,Balance,25,9,42,33,18,38,44,-8,17,3,-34,-22,-4,3,-4,-8,-5,-7,-5,43,135,141,149,150,207,151,189,278
Asia,Qatar,Balance,0,3,10,5,-1,0,-1,1,-4,0,4,-1,2,11,0,2,5,6,18,12,66,45,7,45,36,5,46,65
Asia,Kuwait,Balance,151,197,164,112,43,83,54,-74,-82,-106,-125,-110,-90,-6,-72,-24,-23,3,17,67,106,210,114,60,81,59,55,134
Asia,Laos,Balance,-4,-3,5,3,5,2,7,7,0,1,6,1,0,8,10,12,23,6,1,-7,-4,6,-1,10,1,4,-4,6
Asia,Lebanon,Balance,100,16,40,39,100,162,110,59,-26,-45,-43,74,-6,3,-24,-66,-38,-11,32,20,199,348,318,211,346,416,520,862
Asia,Macau,Balance,-6,3,1,5,12,14,4,-4,2,-9,1,-4,-6,-2,0,3,-2,-6,4,8,-6,4,-1,3,4,2,-2,-2
Asia,Maldives,Balance,1,0,2,-2,0,2,1,1,0,-4,3,1,-2,1,0,-1,0,0,0,1,1,6,1,1,0,-2,6,2
Asia,Malaysia,Balance,19,13,-10,81,87,28,89,97,98,-19,-3,130,87,35,46,-71,-7,58,24,25,71,94,81,97,146,14,121,244
Asia,Mongolia,Balance,-3,14,5,16,11,86,169,91,33,-16,-47,-33,17,36,47,63,-28,-16,-18,3,32,22,3,-22,15,12,4,36
Asia,Myanmar,Balance,23,16,-4,9,19,17,101,49,23,2,3,91,52,116,79,149,109,81,49,40,35,18,52,19,46,-4,60,63
Asia,Nepal,Balance,36,42,30,31,24,47,-13,43,96,67,336,71,1,68,199,83,86,52,40,144,50,54,34,26,29,29,52,174
Asia,North Korea,Balance,0,2,2,2,2,7,8,3,2,1,2,-4,2,3,1,7,18,19,21,25,-25,-3,-2,-1,-5,-3,-3,2
Asia,Oman,Balance,0,28,28,43,3,-3,1,12,2,20,22,0,-12,-8,-27,11,21,33,64,37,33,13,26,22,26,18,24,30
Asia,Pakistan,Balance,75,142,109,91,182,253,109,69,-75,-368,-33,-185,-248,-233,187,-35,123,-32,125,-47,164,344,428,615,793,508,913,1457
Asia,Saudi Arabia,Balance,101,74,-14,19,20,32,46,56,-10,25,-25,-3,79,76,150,196,13,3,107,198,327,391,255,218,485,340,578,746
Asia,Singapore,Balance,-21,0,-20,1,76,-6,57,75,62,29,48,5,-32,69,30,42,48,96,59,103,57,149,134,116,54,-72,98,315
Asia,Sri Lanka,Balance,461,181,365,378,443,456,425,246,-51,-232,-365,-374,-136,50,102,88,81,16,26,67,-101,4,2,96,77,29,128,379
Asia,Syria,Balance,243,213,220,230,576,877,1024,490,144,34,-74,-65,60,136,72,176,137,430,1833,8422,20597,27490,16067,4974,5230,5575,11045,16174
Asia,Taiwan,Balance,10,90,135,153,101,87,156,236,178,145,158,-6,81,117,49,79,56,-15,45,173,161,268,233,340,465,-108,271,617
Asia,Thailand,Balance,255,325,357,483,453,692,713,779,741,642,468,350,255,480,433,472,518,328,254,252,260,367,382,443,588,239,532,422
Asia,Timor Leste,Balance,,,,,,,,0,2,0,0,2,-1,0,0,-2,-2,0,0,-2,-2,0,4,0,0,3,2,2
Asia,United Arab Emirates,Balance,6,229,115,-236,-40,17,4,27,-8,13,14,-7,9,16,32,41,8,55,45,95,268,269,253,263,410,347,390,504
Asia,Vietnam,Balance,93,146,163,211,177,269,453,549,356,196,-21,-109,-148,71,99,34,188,84,92,157,235,413,532,585,652,118,413,517
Asia,South Korea,Balance,11,121,75,71,175,191,163,184,101,125,77,124,88,142,46,184,206,33,75,253,190,410,414,309,406,-649,297,613
Europe,Albania,Balance,20,32,39,93,63,73,93,65,44,4,5,13,13,84,95,13,60,82,101,164,197,249,207,322,362,192,247,389
Europe,Andorra,Balance,0,1,-1,-1,0,1,1,0,-1,0,1,1,-1,-1,0,0,3,1,2,2,-3,2,10,0,-1,4,6,0
Europe,Armenia,Balance,32,31,12,16,38,99,82,54,29,24,11,14,30,35,52,108,128,46,35,37,1,-1,20,41,44,125,91,471
Europe,Azerbaijan,Balance,14,14,8,29,45,201,166,87,26,3,1,14,12,13,18,29,35,19,38,49,37,33,32,30,120,102,244,659
Europe,Belgium,Balance,126,212,711,676,769,580,400,197,47,-298,-258,-1,233,398,472,632,710,879,806,975,1056,1512,1655,1461,1603,1686,1370,1005
Europe,Bosnia and Herzegovina,Balance,215,130,51,30,92,91,61,38,19,-5,-3,13,8,9,19,11,14,26,27,27,22,52,35,85,91,69,73,91
Europe,Bulgaria,Balance,46,74,165,153,165,207,262,354,339,272,213,207,4059,3639,1969,1645,2451,640,38,1766,1765,1780,2694,3476,4834,4138,4810,5433
Europe,Cyprus,Balance,6,9,5,6,2,18,13,1,-3,7,-1,6,15,28,25,22,54,30,39,33,68,78,164,156,163,77,345,381
Europe,Denmark,Balance,-34,125,43,112,108,115,41,-42,26,-21,-78,19,-89,4,-61,34,32,47,21,99,16,174,134,123,86,-84,119,-6
Europe,Germany,Balance,812,-159,671,637,573,577,636,-145,-233,-177,96,439,1458,3070,2372,2852,1480,-9,-295,-584,569,1225,1873,2080,2520,1627,2635,1683
Europe,Estonia,Balance,5,16,7,6,16,10,18,20,28,66,33,-1,41,71,79,142,140,26,85,84,18,74,126,96,142,-15,133,234
Europe,Faroe Islands,Balance,1,0,0,0,1,0,0,0,1,0,-1,0,0,0,0,1,-1,-1,0,3,0,0,1,-1,4,-1,4,-2
Europe,Federal Republic of Yugoslavia,Balance,0,6,13,27,216,267,183,20,1,,,,,,,,,,,,,,,,,,,
Europe,Finland,Balance,52,71,110,179,110,106,48,42,-37,-31,-30,-114,12,94,32,95,106,20,7,44,195,265,252,231,223,-220,179,257
Europe,France,Balance,-46,248,533,679,631,620,530,6,-71,-216,78,-144,324,1040,569,437,208,-57,287,782,957,1410,1388,1115,1524,914,1724,1562
Europe,Georgia,Balance,50,23,5,12,13,27,23,9,17,11,1,4,10,13,21,48,20,14,6,27,19,35,51,51,87,67,183,426
Europe,Gibraltar,Balance,3,-4,1,3,1,3,-1,3,0,2,-3,2,-2,-2,-1,2,-3,0,1,-1,-5,2,5,-2,4,1,-1,0
Europe,Greece,Balance,-146,-64,222,118,229,237,287,196,41,-14,61,25,178,445,268,741,1386,1663,864,482,802,1221,1632,1632,2217,642,2389,3198
Europe,Hungary,Balance,69,166,193,211,23,216,246,165,40,90,196,56,484,992,1193,1165,1067,1242,706,704,795,657,680,1031,1117,530,1156,1522
Europe,Ireland,Balance,-161,-155,-30,-202,43,95,95,-17,9,-131,-100,-198,-34,26,163,141,209,35,86,184,177,263,318,437,697,304,697,686
Europe,Iceland,Balance,5,6,52,15,24,4,13,38,-9,-2,-56,-20,20,16,2,9,-5,-13,-32,34,46,29,7,23,26,-24,-25,55
Europe,Italy,Balance,71,70,352,401,434,471,388,123,-91,-109,108,58,423,1017,780,799,800,998,1431,1919,1981,2368,2580,2731,3135,1118,2780,2845
Europe,Yugoslavia (old),Balance,6396,2199,542,827,2990,3158,1772,104,-763,-1057,-912,-831,-274,-40,101,-153,-57,-256,-139,-127,-129,64,153,294,595,0,0,0
Europe,Channel Islands,Balance,2,-4,0,-1,3,3,0,5,0,-1,-2,-3,1,-1,12,-1,-4,-1,2,5,6,3,14,10,-5,4,-2,9
Europe,Kazakhstan,Balance,3,2,4,1,6,23,30,15,14,0,-7,7,4,13,15,18,18,30,31,39,42,55,56,50,146,48,276,472
Europe,Kyrgyzstan,Balance,0,0,0,0,0,2,15,11,3,7,-4,1,-1,4,5,4,10,8,8,4,10,-1,9,14,28,15,44,160
Europe,Kosovo,Balance,,,,,,,,,,,,,,1,0,0,0,5,5,7,1,13,0,5,8,15,46,22
Europe,Croatia,Balance,28,13,3,10,26,14,14,14,0,-1,-7,-1,1,0,8,-2,22,4,32,65,97,109,92,171,384,230,745,721
Europe,Latvia,Balance,16,21,35,28,20,32,24,50,32,91,72,47,48,140,372,704,585,452,183,259,173,203,502,584,769,469,830,795
Europe,Liechtenstein,Balance,0,0,1,1,0,-1,1,-1,1,-1,0,-1,0,0,2,0,2,-2,0,1,0,4,0,-4,7,-3,0,0
Europe,Lithuania,Balance,29,54,48,76,39,38,79,94,79,304,204,106,166,224,314,688,782,474,331,222,382,446,765,928,948,210,800,957
Europe,Luxembourg,Balance,8,18,26,5,7,23,8,1,19,-1,8,6,20,18,18,22,29,11,45,61,71,121,134,148,173,41,109,85
Europe,Macedonia,Balance,3,3,0,-1,10,15,14,15,8,1,-3,4,5,9,10,17,19,22,18,40,48,90,37,91,,,,
Europe,Malta,Balance,-8,0,5,14,6,5,14,1,6,14,-17,8,9,17,6,20,-2,10,10,4,3,34,25,30,55,16,62,78
Europe,man,Balance,0,0,0,0,0,0,1,-1,-1,0,0,1,0,-1,0,5,0,0,1,-2,3,1,1,-3,1,3,-1,2
Europe,Moldavia,Balance,0,4,1,2,9,5,7,8,6,2,5,4,8,11,0,8,22,40,41,71,81,137,231,286,378,423,804,1258
Europe,Monaco,Balance,-1,8,-1,-1,3,4,0,1,3,1,1,1,4,0,-4,3,-3,1,4,8,5,5,3,4,11,13,7,0
Europe,Montenegro,Balance,,,,,,,,,,,,0,0,0,0,1,3,4,0,0,-1,1,2,1,3,11,-5,17
Europe,Norway,Balance,42,61,142,42,113,103,96,5,-23,-48,-65,-125,-75,15,57,100,25,-94,50,10,-3,104,116,60,133,-12,120,85
Europe,Ukraine,Balance,31,43,20,25,28,67,85,87,71,54,42,43,39,55,73,85,105,124,196,221,351,340,358,523,600,694,1041,82730
Europe,Uzbekistan,Balance,2,2,5,8,4,17,24,19,7,-3,8,10,14,11,5,12,17,10,4,12,14,12,14,25,51,64,74,300
Europe,Austria,Balance,22,106,143,109,85,36,89,9,44,-68,-2,31,10,88,5,91,78,9,-27,93,47,154,219,224,235,40,205,209
Europe,Poland,Balance,761,854,783,904,463,1099,1388,1479,1143,3875,4970,5220,6634,8842,6830,8499,11563,8133,9493,11698,9168,8357,8668,9166,9305,8088,8726,8999
Europe,Portugal,Balance,-4,-70,60,240,447,524,720,525,454,108,-57,32,574,971,818,48,421,636,587,385,437,497,542,849,1145,346,1946,2450
Europe,Republic of North Macedonia,Balance,,,,,,,,,,,,,,,,,,,,,,,,,95,119,212,245
Europe,Romania,Balance,134,118,285,342,262,459,553,421,466,312,197,370,1745,1359,913,1234,882,528,623,1974,1604,2137,3461,4299,4715,3376,4778,5949
Europe,Russia,Balance,70,85,66,64,121,288,285,164,100,65,52,83,48,84,84,186,249,248,291,371,412,428,543,683,915,977,1707,7625
Europe,Russia (old),Balance,13,4,3,0,4,2,3,-2,3,-6,-1,1,0,-2,-1,1,0,1,0,-2,0,0,0,1,0,0,0,0
Europe,San Marino,Balance,0,1,0,-1,0,0,0,0,0,0,0,0,0,0,0,0,0,0,0,3,0,0,1,1,1,3,4,2
Europe,Serbia,Balance,,,,,,,,,,,,0,1,4,7,16,11,22,24,26,36,36,40,71,65,205,224,372
Europe,Serbia and Montenegro,Balance,,,,,,,,,-20,-51,-25,4,19,15,10,13,9,19,17,13,33,53,40,80,147,0,0,0
Europe,Slovenia,Balance,6,6,1,4,-1,1,-1,-1,2,-1,4,13,5,7,4,10,18,12,37,113,45,81,65,102,70,12,185,99
Europe,Slovakia,Balance,2,8,5,7,11,38,35,-3,3,15,23,10,41,51,20,65,39,89,75,134,152,204,275,339,366,415,786,679
Europe,Soviet Union (old),Balance,1611,1520,1399,1798,2275,4764,4667,3064,1499,904,386,273,846,1342,1344,1686,1496,1040,581,1197,1072,1240,1582,1950,2481,0,0,0
Europe,Spanje,Balance,-123,-28,126,167,90,90,182,-21,-154,-371,-321,-460,15,689,624,926,779,1299,1599,1012,1030,1106,1465,1765,2078,1022,3458,3387
Europe,Tadzjikistan,Balance,1,0,3,2,5,2,8,7,0,0,-1,-2,2,-1,0,3,10,4,9,8,4,8,1,6,-4,12,10,112
Europe,Tsjechië,Balance,26,28,24,34,19,24,44,14,11,42,27,22,34,60,52,69,50,56,88,94,108,110,158,182,231,115,364,382
Europe,Tsjecho-Slowakije (oud),Balance,35,124,185,298,134,430,380,46,66,416,387,320,374,582,167,587,173,-39,76,337,122,135,219,234,156,0,0,0
Europe,Turkije,Balance,1313,1589,3271,3224,2807,4070,4683,4387,4256,1210,-334,-1344,-1157,514,967,478,-389,-1753,-2574,-3787,-2529,-382,1215,2691,4503,3316,6243,11931
Europe,Turkmenistan,Balance,0,0,0,2,0,0,0,3,0,2,0,0,0,1,4,2,0,1,1,1,2,4,4,7,13,6,24,394
Europe,Vaticaanstad,Balance,0,0,0,0,0,0,0,0,0,0,0,0,0,0,0,0,0,0,0,0,0,0,0,0,0,0,0,0
Europe,Verenigd Koninkrijk,Balance,-1312,-848,349,155,761,1903,2148,392,-478,-953,-1132,-1165,-299,766,395,55,168,258,604,535,1184,1475,1805,2462,3374,2341,-168,160
Europe,Belarus,Balance,2,3,8,6,13,21,21,21,21,20,16,12,7,10,11,22,22,17,25,33,33,45,53,73,128,190,317,784
Europe,Zweden,Balance,-33,73,77,227,145,73,15,-42,17,-78,-18,5,20,47,103,38,96,-5,-21,96,200,147,155,166,226,-72,301,259
Europe,Zwitserland,Balance,22,9,139,109,221,42,41,5,10,21,-26,28,52,91,97,128,100,11,50,121,145,231,258,250,273,59,472,366
Africa,Algeria,Balance,341,241,176,228,180,194,111,26,-75,-72,-177,-114,-70,70,-20,-20,-7,-37,-71,14,31,42,44,111,92,84,118,531
Africa,Angola,Balance,654,358,200,223,651,1213,1905,3396,248,-949,-1356,-1273,-625,-346,-326,-330,-301,-370,-289,-268,-220,-48,-102,31,30,59,83,50
Africa,Benin,Balance,5,1,4,12,12,11,39,74,38,12,-15,-31,7,4,9,-4,17,-7,6,-3,4,12,8,-4,7,1,7,7
Africa,Botswana,Balance,1,13,4,5,2,5,-3,13,-6,5,-4,8,2,0,2,0,8,2,8,3,4,-1,-3,12,18,7,22,3
Africa,British Indian Ocean Territory,Balance,2,0,-1,0,0,0,0,0,0,0,0,0,0,0,-1,0,0,0,0,0,1,0,0,0,0,-1,0,0
Africa,Burkina Faso,Balance,5,3,18,11,38,26,21,14,16,28,10,1,8,-2,21,14,17,-10,18,15,0,6,-2,12,10,19,8,23
Africa,Burundi,Balance,18,28,72,97,99,205,361,423,288,264,318,226,151,32,-9,-167,-184,-164,-90,-106,-40,-112,-4,-43,-48,-22,-38,-3
Africa,Central-African Republic,Balance,2,2,4,3,5,1,5,0,4,1,6,2,-2,1,6,-1,-2,-1,0,3,3,-1,6,4,8,-2,6,1
Africa,Comoros,Balance,2,-3,-1,0,2,-2,3,1,-2,-3,0,-6,2,0,2,-1,0,-1,2,-3,-1,0,0,-4,2,-2,1,2
Africa,Congo,Balance,55,-20,9,35,88,209,264,111,-5,-74,-53,-61,-25,2,24,-30,-38,-40,-1,-2,-27,-28,-42,2,-20,-14,-5,22
Africa,Congo (Democratic Republic),Balance,839,93,195,244,340,500,578,344,-115,-408,-458,-560,-274,-115,-109,-121,-123,-121,-6,-124,-72,-94,-94,28,-62,-61,-35,79
Africa,Djibouti,Balance,8,6,8,8,-3,12,2,-5,-3,-14,-15,-3,-4,6,-8,-3,0,2,-11,-3,9,9,7,4,4,4,10,0
Africa,Egypt,Balance,187,83,272,436,312,257,420,412,360,154,25,-112,-68,44,317,208,41,151,211,281,291,571,905,955,1150,728,875,1293
Africa,Equatorial Guinea,Balance,0,0,-3,1,0,6,3,3,1,-1,-3,-2,0,5,4,9,-4,-3,1,1,-1,-4,-1,6,4,2,11,3
Africa,Eritrea,Balance,8,23,53,42,42,79,87,71,40,53,35,37,93,90,191,218,246,167,399,2044,3266,3117,2965,2553,2375,1683,1280,1018
Africa,eswatini,Balance,,,,,,,,,,,,,,,,,,,,,,,,,-2,6,1,7
Africa,Ethiopia,Balance,287,162,17,87,136,198,252,143,-58,-109,-92,-59,37,138,241,86,221,131,116,907,2368,2746,1423,1342,924,634,691,461
Africa,Gabon,Balance,4,7,4,7,-1,-5,1,25,-1,5,2,-10,-2,-7,6,3,-5,2,3,0,1,1,-9,2,4,-1,8,-2
Africa,Gambia,Balance,1,20,21,28,29,42,36,36,33,23,37,-1,3,26,37,58,53,5,6,59,54,74,78,121,177,133,245,62
Africa,Ghana,Balance,-101,152,401,451,207,293,315,311,276,-43,78,-467,-464,39,750,167,181,-10,-31,-11,-46,-20,126,352,633,280,441,632
Africa,Guinea,Balance,30,51,73,179,236,495,843,845,55,-193,-341,-365,-39,119,95,40,-12,-78,-33,-90,-98,-46,-109,-29,65,24,-8,23
Africa,Guinea-Bissau,Balance,3,0,2,19,25,8,30,22,8,0,-3,2,-5,25,-2,14,7,-16,5,-7,6,-4,0,5,14,4,9,11
Africa,Ivory Coast,Balance,22,-8,17,29,27,22,68,100,106,95,13,79,68,67,80,80,80,4,-59,-30,-49,-58,5,-12,26,-10,-1,45
Africa,Cape Verde,Balance,-8,94,185,204,51,70,195,93,85,102,-27,-112,-9,86,149,43,89,-72,34,75,84,9,12,134,123,79,131,128
Africa,Cameroon,Balance,26,60,56,82,93,123,287,321,139,36,-34,-28,-9,28,67,44,-35,-5,-83,-40,9,-21,26,57,83,64,50,101
Africa,Kenya,Balance,62,52,110,95,71,95,43,78,73,20,52,69,-37,120,149,62,94,77,44,98,55,111,99,155,104,123,196,241
Africa,Lesotho,Balance,0,-1,7,-1,-1,4,3,-6,-1,3,-1,6,5,7,0,7,4,1,0,6,4,-1,2,-1,-3,0,3,5
Africa,Liberia,Balance,237,224,264,82,28,73,101,73,74,57,-40,-192,-90,-66,-38,-46,-71,-77,-51,-81,-76,-54,-46,-35,35,22,3,25
Africa,Libya,Balance,-5,25,21,10,25,20,63,38,35,6,-9,-28,15,15,84,86,88,-33,2,173,457,124,76,88,131,61,59,156
Africa,Madagascar,Balance,-1,7,-3,8,1,6,5,1,0,10,2,-1,-5,-6,3,9,6,-4,-6,15,8,3,6,12,8,8,9,14
Africa,Malawi,Balance,10,-5,6,1,5,11,8,8,-2,2,-3,6,8,5,15,-7,4,2,-1,3,3,12,14,9,16,3,12,-5
Africa,Mali,Balance,-1,6,8,12,10,18,9,20,4,2,-6,-12,-2,2,3,3,3,-1,17,-9,10,-8,4,8,17,4,17,15
Africa,Morocco,Balance,685,1772,2911,4027,3064,3176,4019,3537,2907,1512,-588,-1538,-1851,-1080,307,126,500,-366,391,31,-260,403,922,1871,2390,1980,2323,2728
Africa,Mauritania,Balance,41,19,35,45,56,49,33,29,-19,-26,-29,-28,-18,8,-8,-13,8,-10,-14,-3,-3,-12,5,8,-5,0,3,6
Africa,Mauritius,Balance,5,5,1,0,5,6,0,7,2,12,-11,-3,7,11,1,0,2,6,-5,9,3,5,14,32,16,8,34,12
Africa,Mayotte,Balance,0,1,-1,0,2,2,4,1,4,0,-4,-1,-1,-5,0,1,0,-1,-1,-2,1,0,0,2,0,0,0,0
Africa,Mozambique,Balance,16,17,11,16,17,43,36,15,0,7,9,9,3,34,24,-12,15,7,-8,19,-10,-8,11,4,48,19,42,37
Africa,Namibia,Balance,0,13,15,0,2,37,1,10,17,10,8,0,-7,21,-5,-3,15,-4,13,-4,-3,10,45,34,42,35,40,62
Africa,Niger,Balance,9,18,24,14,21,45,69,124,82,-22,-53,-38,11,17,20,5,-18,-25,-6,-4,-3,3,-10,7,6,-2,9,-1
Africa,Nigeria,Balance,-27,195,270,330,276,242,221,251,298,46,116,64,111,238,307,189,191,-46,-5,-5,-46,-128,50,391,822,420,797,2196
Africa,Reunion,Balance,0,5,-1,2,-1,-1,1,2,4,-2,-6,-1,-4,0,0,3,4,-3,4,1,0,5,-3,0,1,-1,3,0
Africa,Rwanda,Balance,56,41,86,101,193,262,209,111,37,-21,-38,-39,-49,9,-6,0,-31,-3,-13,3,-25,-50,22,-4,22,-6,22,111
Africa,Sao Tome and Principe,Balance,3,5,-1,10,0,0,-1,8,2,7,-3,-5,-1,15,4,8,-2,-2,4,6,-6,5,3,4,2,14,11,7
Africa,Senegal,Balance,18,16,39,45,34,35,66,29,23,65,19,-8,13,-7,20,1,17,17,29,-21,35,22,31,60,66,27,70,66
Africa,Seychelles,Balance,6,-6,1,1,-1,3,0,-2,2,-2,1,-3,6,2,1,3,-5,1,-1,0,4,-2,6,-1,0,-1,8,1
Africa,Sierra Leone,Balance,73,161,164,209,429,784,1570,1929,344,-198,-465,-381,-248,-4,-164,-138,-199,-118,-165,-190,-261,-218,-149,-56,30,41,46,17
Africa,Saint Helena,Balance,0,0,0,0,0,0,0,0,0,0,0,0,0,0,0,0,0,0,0,1,-1,0,0,0,0,0,0,0
Africa,Sudan,Balance,184,255,671,984,814,1404,1225,456,-241,-582,-599,-498,-361,-125,-177,-250,-23,-228,-96,20,150,331,162,321,301,135,159,275
Africa,Somalia,Balance,2560,2888,803,478,192,-237,-1846,-2484,-3475,-3950,-2448,-1522,89,1643,4403,3270,1363,-231,1673,546,-801,-1037,-685,-671,-483,-245,-300,375
Africa,Swaziland,Balance,-3,0,-2,1,2,15,-2,-7,-1,8,2,-2,-9,-3,-2,-2,6,-5,3,1,2,4,3,3,,,,
Africa,Tanzania,Balance,22,20,59,35,2,77,8,51,26,34,39,44,34,41,52,-50,-29,17,-69,12,13,-54,33,23,43,13,43,64
Africa,Togo,Balance,35,41,60,85,89,112,234,254,86,-3,-87,-79,-58,44,23,-3,-9,-3,-25,-17,-16,-16,-6,-6,-23,11,0,-4
Africa,Chad,Balance,1,1,-1,-1,6,4,45,17,-5,-13,-4,-5,-4,9,0,-7,-1,-8,-7,5,1,3,-1,2,12,-3,7,2
Africa,Tunisia,Balance,60,-35,86,64,61,153,135,54,95,27,-18,-48,-44,51,9,1,-20,50,11,15,33,99,189,218,297,128,194,368
Africa,Uganda,Balance,4,17,21,36,31,33,36,49,55,41,99,53,-29,71,80,49,11,70,138,147,131,129,106,225,305,134,131,167
Africa,Zambia,Balance,-7,6,21,13,23,48,-24,47,40,2,-8,23,-48,7,1,16,5,23,-15,3,-12,10,14,25,57,29,36,52
Africa,Zimbabwe,Balance,-9,10,36,33,52,48,67,15,52,-7,12,2,38,88,96,14,16,-9,-31,-12,12,19,135,101,178,99,90,212
Africa,South Africa,Balance,21,250,378,834,502,622,641,264,-36,-80,-169,-104,67,325,115,-10,80,-25,87,234,452,695,762,1571,2307,1851,2698,4538
Africa,Southern Sudan,Balance,,,,,,,,,,,,,,,,,0,0,0,2,4,2,4,7,9,3,3,0
Oceania,American Samoa,Balance,0,0,-1,0,0,1,0,0,0,1,-1,0,0,0,0,0,0,1,0,1,0,-2,0,1,1,0,-1,0
Oceania,Antarctica,Balance,0,0,0,0,0,0,0,0,0,0,0,0,0,0,0,0,0,0,0,0,0,0,0,0,0,0,0,0
Oceania,Australia,Balance,26,-76,24,255,232,283,382,186,3,-104,-175,-102,-72,-63,-35,50,-50,-104,32,102,379,346,233,288,384,-308,-127,306
Oceania,Cook Islands,Balance,0,0,2,0,2,0,-4,0,0,0,0,0,0,0,0,0,0,0,0,0,0,-1,-1,-1,0,0,-2,0
Oceania,Fiji,Balance,1,-2,-3,2,2,8,4,1,-2,5,-11,2,-3,-3,0,2,-3,5,1,-2,-3,4,7,-1,11,1,2,10
Oceania,French Polynesia,Balance,-1,0,2,1,1,-2,0,-2,0,1,0,0,-2,0,2,0,2,2,-5,2,4,0,-2,4,5,4,5,0
Oceania,Guam,Balance,0,-1,0,0,0,0,1,0,0,-1,-1,0,0,1,0,0,0,0,0,1,0,0,0,-1,0,1,1,0
Oceania,Kiribati,Balance,0,2,-1,0,0,1,0,1,0,0,0,-2,-2,1,0,0,0,0,0,-1,2,-2,0,0,0,0,2,0
Oceania,Marshall Islands,Balance,0,0,0,0,1,0,0,0,0,-1,0,0,0,0,0,0,0,0,0,0,-1,0,1,0,0,0,0,0
Oceania,Micronesia,Balance,0,0,0,0,0,0,1,0,0,0,0,-1,0,0,0,0,0,0,0,0,1,2,-1,-1,-1,0,1,0
Oceania,Nauru,Balance,0,0,0,0,0,0,0,0,1,0,0,0,0,0,0,0,0,1,0,0,0,-3,0,0,3,0,0,-1
Oceania,New Caledonia,Balance,-1,-3,1,1,-1,1,2,1,-1,0,3,-1,3,-3,0,1,1,-1,-4,0,3,3,0,7,3,2,7,1
Oceania,New Zealand,Balance,-88,-34,43,39,127,173,186,-10,-55,-37,-46,-93,-57,29,-8,-25,4,12,12,15,85,74,109,145,118,-62,-97,69
Oceania,Niue,Balance,0,0,0,0,0,0,0,0,0,0,0,0,0,0,0,0,0,0,0,0,0,0,0,0,0,0,0,0
Oceania,Northern Mariana Islands,Balance,0,0,1,0,0,1,-1,0,0,0,0,0,0,0,0,0,0,0,0,0,0,0,0,0,1,0,0,0
Oceania,Norfolk,Balance,0,0,0,0,0,0,0,0,0,0,0,0,0,0,0,0,0,0,0,0,0,0,0,0,0,0,0,0
Oceania,Palau,Balance,-2,0,0,0,0,0,0,1,3,0,1,0,1,0,0,0,0,1,0,-1,0,1,0,1,1,-1,0,0
Oceania,Papua New Guinea,Balance,-4,9,2,8,-1,2,-4,5,5,7,0,-1,-7,2,4,-7,-1,-6,3,0,1,1,-3,-1,-2,5,2,2
Oceania,Pitcairn Islands,Balance,0,0,0,0,0,0,0,0,0,1,0,0,0,0,0,0,0,0,0,0,0,0,0,0,0,0,0,0
Oceania,Solomon Islands,Balance,0,-3,7,-1,-6,-1,0,1,0,0,0,0,0,1,1,-1,0,1,-1,0,0,-1,0,0,-1,0,0,-1
Oceania,Samoa,Balance,2,0,3,-2,1,0,0,0,1,-1,3,-3,-2,2,1,2,3,1,2,0,-5,-2,1,2,2,-3,0,1
Oceania,Tokelau,Balance,0,0,0,0,0,0,0,0,0,0,0,0,0,0,0,0,0,0,0,0,0,0,0,0,0,0,0,0
Oceania,Tonga,Balance,1,-6,3,-1,1,3,-4,1,1,0,-1,0,0,-5,0,0,2,0,0,0,0,0,1,-1,3,-1,0,0
Oceania,Tuvalu,Balance,0,0,0,0,0,0,0,0,0,0,0,0,0,0,0,0,0,0,1,-1,0,0,0,0,0,0,0,0
Oceania,Vanuatu,Balance,0,0,0,0,0,1,-1,0,2,0,0,1,0,0,-1,-2,1,-2,0,0,0,0,4,1,1,-1,-1,0
Oceania,Far Islands of the US,Balance,0,0,0,0,0,0,0,0,0,0,0,0,0,0,0,0,0,0,0,0,0,0,0,0,0,0,0,0
Oceania,Wallis and Futuna,Balance,0,0,0,0,0,0,1,0,0,0,0,0,0,0,0,0,0,0,0,0,0,0,0,0,0,0,0,0